// ÀÚµ¿ »ý¼ºµÊ: open-closed-eye_int8.tflite
const unsigned char open_closed_eye_int8[] = {
  0x1c, 0x00, 0x00, 0x00, 0x54, 0x46, 0x4c, 0x33, 0x14, 0x00, 0x20, 0x00,
  0x1c, 0x00, 0x18, 0x00, 0x14, 0x00, 0x10, 0x00, 0x0c, 0x00, 0x00, 0x00,
  0x08, 0x00, 0x04, 0x00, 0x14, 0x00, 0x00, 0x00, 0x1c, 0x00, 0x00, 0x00,
  0x90, 0x00, 0x00, 0x00, 0xe8, 0x00, 0x00, 0x00, 0x38, 0x2f, 0x00, 0x00,
  0x48, 0x2f, 0x00, 0x00, 0xb0, 0x42, 0x00, 0x00, 0x03, 0x00, 0x00, 0x00,
  0x01, 0x00, 0x00, 0x00, 0x10, 0x00, 0x00, 0x00, 0x00, 0x00, 0x0a, 0x00,
  0x10, 0x00, 0x0c, 0x00, 0x08, 0x00, 0x04, 0x00, 0x0a, 0x00, 0x00, 0x00,
  0x0c, 0x00, 0x00, 0x00, 0x1c, 0x00, 0x00, 0x00, 0x3c, 0x00, 0x00, 0x00,
  0x0f, 0x00, 0x00, 0x00, 0x73, 0x65, 0x72, 0x76, 0x69, 0x6e, 0x67, 0x5f,
  0x64, 0x65, 0x66, 0x61, 0x75, 0x6c, 0x74, 0x00, 0x01, 0x00, 0x00, 0x00,
  0x04, 0x00, 0x00, 0x00, 0x98, 0xff, 0xff, 0xff, 0x10, 0x00, 0x00, 0x00,
  0x04, 0x00, 0x00, 0x00, 0x08, 0x00, 0x00, 0x00, 0x6f, 0x75, 0x74, 0x70,
  0x75, 0x74, 0x5f, 0x30, 0x00, 0x00, 0x00, 0x00, 0x01, 0x00, 0x00, 0x00,
  0x04, 0x00, 0x00, 0x00, 0xae, 0xd0, 0xff, 0xff, 0x04, 0x00, 0x00, 0x00,
  0x07, 0x00, 0x00, 0x00, 0x69, 0x6e, 0x70, 0x75, 0x74, 0x2e, 0x31, 0x00,
  0x02, 0x00, 0x00, 0x00, 0x34, 0x00, 0x00, 0x00, 0x04, 0x00, 0x00, 0x00,
  0xdc, 0xff, 0xff, 0xff, 0x13, 0x00, 0x00, 0x00, 0x04, 0x00, 0x00, 0x00,
  0x13, 0x00, 0x00, 0x00, 0x43, 0x4f, 0x4e, 0x56, 0x45, 0x52, 0x53, 0x49,
  0x4f, 0x4e, 0x5f, 0x4d, 0x45, 0x54, 0x41, 0x44, 0x41, 0x54, 0x41, 0x00,
  0x08, 0x00, 0x0c, 0x00, 0x08, 0x00, 0x04, 0x00, 0x08, 0x00, 0x00, 0x00,
  0x12, 0x00, 0x00, 0x00, 0x04, 0x00, 0x00, 0x00, 0x13, 0x00, 0x00, 0x00,
  0x6d, 0x69, 0x6e, 0x5f, 0x72, 0x75, 0x6e, 0x74, 0x69, 0x6d, 0x65, 0x5f,
  0x76, 0x65, 0x72, 0x73, 0x69, 0x6f, 0x6e, 0x00, 0x14, 0x00, 0x00, 0x00,
  0x4c, 0x2e, 0x00, 0x00, 0x40, 0x2e, 0x00, 0x00, 0x28, 0x2e, 0x00, 0x00,
  0xb4, 0x2d, 0x00, 0x00, 0xdc, 0x2c, 0x00, 0x00, 0xa4, 0x09, 0x00, 0x00,
  0x44, 0x09, 0x00, 0x00, 0x2c, 0x02, 0x00, 0x00, 0xf4, 0x01, 0x00, 0x00,
  0xd4, 0x00, 0x00, 0x00, 0xcc, 0x00, 0x00, 0x00, 0xc4, 0x00, 0x00, 0x00,
  0xbc, 0x00, 0x00, 0x00, 0xb4, 0x00, 0x00, 0x00, 0xac, 0x00, 0x00, 0x00,
  0xa4, 0x00, 0x00, 0x00, 0x9c, 0x00, 0x00, 0x00, 0x94, 0x00, 0x00, 0x00,
  0x74, 0x00, 0x00, 0x00, 0x04, 0x00, 0x00, 0x00, 0x72, 0xd1, 0xff, 0xff,
  0x04, 0x00, 0x00, 0x00, 0x60, 0x00, 0x00, 0x00, 0x0c, 0x00, 0x00, 0x00,
  0x08, 0x00, 0x0e, 0x00, 0x08, 0x00, 0x04, 0x00, 0x08, 0x00, 0x00, 0x00,
  0x10, 0x00, 0x00, 0x00, 0x28, 0x00, 0x00, 0x00, 0x00, 0x00, 0x06, 0x00,
  0x08, 0x00, 0x04, 0x00, 0x06, 0x00, 0x00, 0x00, 0x04, 0x00, 0x00, 0x00,
  0x01, 0x00, 0x00, 0x00, 0xeb, 0x03, 0x00, 0x00, 0x0c, 0x00, 0x18, 0x00,
  0x14, 0x00, 0x10, 0x00, 0x0c, 0x00, 0x04, 0x00, 0x0c, 0x00, 0x00, 0x00,
  0xbb, 0x11, 0xdd, 0x48, 0x6e, 0x6b, 0x15, 0x6a, 0x01, 0x00, 0x00, 0x00,
  0x02, 0x00, 0x00, 0x00, 0x04, 0x00, 0x00, 0x00, 0x06, 0x00, 0x00, 0x00,
  0x32, 0x2e, 0x32, 0x31, 0x2e, 0x30, 0x00, 0x00, 0xde, 0xd1, 0xff, 0xff,
  0x04, 0x00, 0x00, 0x00, 0x10, 0x00, 0x00, 0x00, 0x31, 0x2e, 0x31, 0x34,
  0x2e, 0x30, 0x00, 0x00, 0x00, 0x00, 0x00, 0x00, 0x00, 0x00, 0x00, 0x00,
  0x90, 0xd2, 0xff, 0xff, 0x94, 0xd2, 0xff, 0xff, 0x98, 0xd2, 0xff, 0xff,
  0x9c, 0xd2, 0xff, 0xff, 0xa0, 0xd2, 0xff, 0xff, 0xa4, 0xd2, 0xff, 0xff,
  0xa8, 0xd2, 0xff, 0xff, 0xac, 0xd2, 0xff, 0xff, 0x1a, 0xd2, 0xff, 0xff,
  0x04, 0x00, 0x00, 0x00, 0x0e, 0x01, 0x00, 0x00, 0xa8, 0xb4, 0x8e, 0xd5,
  0x07, 0xfe, 0x1d, 0x53, 0x46, 0x81, 0xa6, 0xb4, 0xed, 0xc8, 0xed, 0x15,
  0x1d, 0x21, 0xe1, 0xd9, 0xef, 0xa4, 0xa7, 0xce, 0xba, 0xc6, 0xdc, 0x7c,
  0x50, 0x09, 0x06, 0x73, 0x58, 0x2e, 0x2e, 0x5f, 0x53, 0x77, 0x4a, 0x2c,
  0x1b, 0x7f, 0x66, 0x54, 0x7a, 0x45, 0x54, 0xfd, 0xe3, 0x66, 0xfc, 0x5b,
  0x75, 0x05, 0x3e, 0x27, 0x0f, 0x81, 0x9c, 0x8f, 0x98, 0xc8, 0xa1, 0xc3,
  0xca, 0xd6, 0x8d, 0xc5, 0xa5, 0xd5, 0xee, 0xfe, 0xbf, 0xef, 0xbf, 0xce,
  0xc0, 0xbd, 0x5a, 0x6d, 0x38, 0x3a, 0x51, 0x2e, 0xe7, 0xd6, 0xec, 0x92,
  0x81, 0x8a, 0x4f, 0x69, 0x59, 0x4e, 0x33, 0x4a, 0xfd, 0x01, 0xdb, 0x22,
  0x1b, 0xfc, 0xba, 0xe4, 0xd3, 0x01, 0xc0, 0xf6, 0x5e, 0x77, 0x42, 0x45,
  0x5c, 0x5e, 0x11, 0x0f, 0x15, 0x38, 0x47, 0x36, 0x06, 0xdc, 0xfc, 0xb0,
  0xdf, 0xa9, 0xd4, 0xdc, 0xe3, 0xac, 0xcf, 0xd1, 0x8f, 0x81, 0x81, 0x51,
  0x44, 0x37, 0x0c, 0x2d, 0xeb, 0x2c, 0x47, 0x37, 0x1b, 0xed, 0xe0, 0xfb,
  0xc8, 0xf3, 0x00, 0xc1, 0xc9, 0x91, 0x81, 0x9d, 0xcb, 0xd9, 0x97, 0xdd,
  0xf8, 0xfc, 0xeb, 0x17, 0x02, 0x28, 0x0a, 0x14, 0x12, 0x07, 0xec, 0xb1,
  0xb9, 0xbf, 0x0c, 0x0f, 0xdf, 0xf7, 0xf0, 0x00, 0x81, 0xba, 0x8a, 0x98,
  0x94, 0xd3, 0xa6, 0xc2, 0x8d, 0x25, 0x7f, 0x70, 0x5a, 0xe0, 0x1e, 0x29,
  0xe6, 0x61, 0x2f, 0x30, 0xeb, 0x11, 0xb6, 0xbf, 0xf5, 0xf1, 0x1a, 0xf3,
  0xfb, 0x4c, 0xf2, 0xdc, 0xc2, 0x57, 0x56, 0x53, 0xde, 0xb2, 0xdc, 0xae,
  0x81, 0x87, 0xa1, 0xcf, 0xa1, 0xff, 0xea, 0xcf, 0xab, 0xce, 0xa9, 0xe5,
  0xfd, 0xd4, 0x36, 0x1b, 0x33, 0xe7, 0xcb, 0xd4, 0xcd, 0xcc, 0xd3, 0x04,
  0x2f, 0x28, 0x04, 0x00, 0x20, 0x53, 0x72, 0x41, 0xc4, 0xb9, 0xd2, 0xc4,
  0xee, 0xda, 0x24, 0x28, 0x2e, 0xc4, 0xc9, 0xcc, 0x8c, 0xbf, 0x81, 0xf4,
  0xd3, 0xe5, 0x00, 0x00, 0x36, 0xd3, 0xff, 0xff, 0x04, 0x00, 0x00, 0x00,
  0x28, 0x00, 0x00, 0x00, 0x3f, 0x38, 0xff, 0xff, 0x26, 0x73, 0xfe, 0xff,
  0x48, 0x58, 0xff, 0xff, 0x0c, 0x1e, 0x00, 0x00, 0x72, 0xdb, 0xff, 0xff,
  0x49, 0xe3, 0xfe, 0xff, 0x5a, 0x25, 0xfe, 0xff, 0x0a, 0xa0, 0xff, 0xff,
  0x61, 0x3e, 0xfe, 0xff, 0xa2, 0x0f, 0x00, 0x00, 0x6a, 0xd3, 0xff, 0xff,
  0x04, 0x00, 0x00, 0x00, 0x08, 0x07, 0x00, 0x00, 0x8f, 0x03, 0x9c, 0xa0,
  0xd8, 0x05, 0xe8, 0xfd, 0x86, 0x9d, 0xa9, 0x11, 0xea, 0xe7, 0x3b, 0x13,
  0xf0, 0xf6, 0xdd, 0xcb, 0x26, 0xfd, 0x7c, 0x38, 0x3e, 0x0a, 0xe8, 0xea,
  0x20, 0x1c, 0x8e, 0xf8, 0xc1, 0xda, 0xeb, 0xf1, 0xc9, 0xfb, 0xb4, 0x90,
  0x03, 0x0c, 0x7e, 0xf3, 0x2e, 0xf1, 0xf5, 0x0b, 0x67, 0xda, 0x55, 0x17,
  0x66, 0xec, 0xc8, 0xf6, 0xcc, 0xf0, 0x2f, 0x18, 0xb9, 0x09, 0xd6, 0xdb,
  0x49, 0xf5, 0xe1, 0xf5, 0xc6, 0xc2, 0x28, 0xeb, 0x7f, 0x1c, 0x1e, 0x0e,
  0xe4, 0x0d, 0x43, 0x06, 0x6e, 0x08, 0x43, 0xcc, 0xb7, 0x11, 0xf4, 0xec,
  0x07, 0x17, 0xe9, 0xef, 0xaa, 0xdb, 0xcf, 0x1c, 0xe0, 0x17, 0xac, 0xf1,
  0xb0, 0xfa, 0x81, 0xea, 0xee, 0x08, 0xbf, 0xf6, 0xb3, 0xdd, 0xcd, 0xf2,
  0xe1, 0x2c, 0x31, 0xfb, 0xdd, 0x0e, 0xdd, 0xe8, 0x13, 0xe8, 0xd2, 0xfb,
  0xce, 0x2f, 0x41, 0x11, 0xcb, 0xc5, 0xd8, 0xd3, 0xd2, 0xdc, 0xe7, 0x16,
  0x10, 0x12, 0xa2, 0xad, 0x08, 0x00, 0x3b, 0xef, 0xf7, 0x39, 0x21, 0x07,
  0x15, 0xdd, 0x34, 0xfb, 0xd4, 0xdd, 0xd7, 0x54, 0x7c, 0x01, 0x34, 0x05,
  0x1c, 0xe9, 0x0f, 0xe5, 0xfe, 0x48, 0x75, 0xe3, 0x62, 0xf2, 0x07, 0x0f,
  0x61, 0xe8, 0x0b, 0x42, 0x56, 0xe2, 0x4b, 0xeb, 0xda, 0xe5, 0xfb, 0x0f,
  0xfa, 0x14, 0x81, 0xda, 0xef, 0xab, 0xc7, 0xe4, 0xdf, 0x05, 0xd2, 0x09,
  0x9c, 0xe8, 0xf2, 0xc4, 0x23, 0xd0, 0x39, 0x36, 0x0f, 0xe1, 0xae, 0xf6,
  0x51, 0xc6, 0xd4, 0xcb, 0xa1, 0x00, 0x9a, 0xef, 0x06, 0x02, 0xb0, 0x81,
  0xb6, 0xc4, 0xc5, 0xc2, 0xb5, 0xfe, 0xef, 0x0d, 0xe0, 0x85, 0xfd, 0xf0,
  0xfb, 0xdb, 0xe0, 0x01, 0xdf, 0xd7, 0xf2, 0xe6, 0x7b, 0xda, 0x17, 0xe3,
  0x2c, 0xe6, 0x60, 0x16, 0x5a, 0x2f, 0x35, 0xf4, 0x61, 0xe0, 0x09, 0x0f,
  0x6a, 0x03, 0x45, 0x5a, 0x10, 0xc7, 0x6b, 0xc6, 0x2d, 0xde, 0x07, 0x0c,
  0x2f, 0x2a, 0xb6, 0x16, 0x07, 0x00, 0x12, 0x2a, 0x14, 0x06, 0x1e, 0xd5,
  0x0d, 0xf6, 0x1f, 0xf5, 0x08, 0x21, 0x42, 0x00, 0x62, 0xcd, 0x00, 0x0a,
  0x4e, 0x04, 0x0f, 0x31, 0x3c, 0x18, 0x7f, 0xd5, 0xfc, 0xfc, 0x07, 0xec,
  0x12, 0x12, 0x28, 0xfa, 0x24, 0xf4, 0xf5, 0x14, 0x08, 0xf3, 0xf1, 0x37,
  0x26, 0xef, 0x23, 0xdf, 0xf0, 0x1c, 0xd5, 0xd5, 0xe2, 0x20, 0x1a, 0x09,
  0x03, 0xdc, 0xff, 0xf4, 0xf1, 0x05, 0x00, 0x33, 0x34, 0x0c, 0x14, 0xf2,
  0x51, 0x19, 0x0f, 0x0c, 0xff, 0x1a, 0x49, 0x00, 0x25, 0x18, 0xff, 0x15,
  0xcb, 0x00, 0xcf, 0x16, 0x3c, 0x0f, 0x02, 0xf5, 0x08, 0x4a, 0xfa, 0xfd,
  0x19, 0x12, 0x0b, 0x3c, 0xd2, 0x0c, 0xc8, 0x35, 0x1b, 0x1f, 0x04, 0xe9,
  0xeb, 0xff, 0xe6, 0xed, 0x1a, 0x2a, 0x70, 0x3b, 0x38, 0x32, 0xf0, 0x20,
  0x41, 0xe9, 0xdf, 0x4c, 0xde, 0xf4, 0x13, 0x1d, 0x2a, 0x12, 0xe5, 0xff,
  0xd3, 0x08, 0x21, 0x1c, 0xda, 0xf2, 0xda, 0x06, 0xd0, 0x07, 0x06, 0x61,
  0x7f, 0x1e, 0x17, 0x16, 0x0d, 0xe9, 0x1d, 0x17, 0xda, 0x30, 0xb9, 0xe8,
  0xf8, 0xf6, 0xd8, 0x2f, 0xdd, 0xd1, 0xe2, 0x39, 0xed, 0x07, 0xe2, 0xeb,
  0xf3, 0x14, 0x1e, 0xff, 0xbf, 0x08, 0xf7, 0x18, 0xce, 0x1f, 0x0e, 0xf8,
  0xed, 0x2e, 0xe7, 0xc9, 0xea, 0x01, 0xff, 0x17, 0x21, 0xe9, 0xd6, 0xe8,
  0x08, 0xe4, 0x0b, 0x18, 0x10, 0xf5, 0x09, 0xfe, 0x1c, 0x2d, 0x1f, 0xf0,
  0x35, 0x09, 0x1f, 0x09, 0xe9, 0x08, 0x11, 0x00, 0x47, 0x18, 0x51, 0xf7,
  0x52, 0xe1, 0x06, 0xfe, 0x36, 0x59, 0x15, 0x17, 0x56, 0xfb, 0x35, 0xe7,
  0x19, 0xf2, 0x28, 0x2a, 0x0c, 0xe7, 0x18, 0xd7, 0xd8, 0x04, 0xde, 0xef,
  0xf2, 0xda, 0xef, 0xf7, 0x4d, 0xdb, 0x03, 0x0f, 0xe1, 0xee, 0x05, 0xd1,
  0xc2, 0x03, 0xf1, 0xe1, 0xe6, 0xfb, 0xdb, 0xf3, 0xd7, 0x9f, 0x99, 0x26,
  0x81, 0x06, 0x0a, 0xf6, 0xce, 0xe7, 0xd4, 0xa8, 0x81, 0xf0, 0xa0, 0xe8,
  0xe5, 0x07, 0xee, 0x09, 0xb8, 0xde, 0xab, 0xf2, 0xba, 0x1b, 0xff, 0x15,
  0xf9, 0x04, 0xb5, 0xdc, 0x91, 0x1f, 0xb3, 0x10, 0xe9, 0x16, 0x18, 0x05,
  0xdf, 0xcd, 0xe7, 0xfa, 0x1a, 0xe2, 0x2a, 0xfd, 0xfe, 0xf7, 0xc8, 0x00,
  0x3a, 0x10, 0x2f, 0xdc, 0x3b, 0x22, 0x15, 0xf1, 0x1a, 0x21, 0x30, 0x1b,
  0xd3, 0xf0, 0xe0, 0x0d, 0x2b, 0x0b, 0xc4, 0x0f, 0xe3, 0x15, 0x34, 0x07,
  0x12, 0x02, 0xed, 0x10, 0x28, 0xe0, 0x43, 0x0b, 0x41, 0x0b, 0xee, 0x26,
  0xe9, 0xf0, 0x70, 0x07, 0x76, 0xff, 0x14, 0xf5, 0xba, 0x18, 0x0d, 0x03,
  0x1f, 0x06, 0x20, 0x31, 0xe8, 0x06, 0xe5, 0x13, 0x16, 0x26, 0xbe, 0x2b,
  0xd1, 0x26, 0x9b, 0xfd, 0xff, 0x1d, 0x0b, 0x28, 0xbd, 0xfa, 0xae, 0xf8,
  0xb7, 0x1b, 0x0f, 0x08, 0x0d, 0x28, 0xb7, 0xe3, 0x6f, 0x18, 0x09, 0xf8,
  0xc2, 0x33, 0x3b, 0xf9, 0x1e, 0x20, 0x02, 0x13, 0xbb, 0x0c, 0xd4, 0xf4,
  0x10, 0xf5, 0xd3, 0xe8, 0xbe, 0xf4, 0xa9, 0xd3, 0xdb, 0x25, 0xf8, 0x1c,
  0xaa, 0x0f, 0x4b, 0x1c, 0x20, 0x07, 0xa3, 0x44, 0x65, 0xf5, 0x7f, 0x11,
  0x4a, 0x0e, 0xd5, 0xfd, 0xb7, 0x29, 0x5f, 0x01, 0x07, 0xe0, 0x0b, 0x12,
  0xef, 0xd6, 0xce, 0x29, 0x42, 0x16, 0x08, 0xec, 0x61, 0xe7, 0x13, 0x4a,
  0x08, 0x0e, 0xee, 0xf4, 0x7f, 0x31, 0xfa, 0x07, 0xa5, 0x07, 0xea, 0xf8,
  0xd6, 0x12, 0xe9, 0xf8, 0xd2, 0x09, 0x90, 0x1d, 0xc2, 0x12, 0xef, 0x05,
  0xd6, 0xea, 0x21, 0x0d, 0xfc, 0x30, 0xef, 0x09, 0xca, 0x0f, 0x26, 0x1c,
  0x3c, 0x16, 0xf5, 0xf6, 0x91, 0xea, 0xeb, 0x0e, 0x19, 0x14, 0xf7, 0x0e,
  0xed, 0x01, 0xb1, 0xe9, 0xe2, 0x0b, 0xcc, 0xdf, 0x33, 0xfc, 0x3e, 0x3a,
  0xf7, 0x0c, 0x1a, 0xe2, 0x1b, 0x43, 0x67, 0xee, 0xff, 0x0a, 0xbb, 0xe3,
  0xf8, 0x14, 0xf9, 0x4d, 0xf8, 0x05, 0xbb, 0xe4, 0xc4, 0x00, 0xc5, 0xfa,
  0xab, 0x15, 0xb6, 0xf7, 0xdc, 0x13, 0x05, 0xf7, 0xd9, 0xef, 0xd9, 0xd4,
  0x5e, 0xed, 0x48, 0x06, 0x01, 0x0e, 0xff, 0x0c, 0x48, 0x58, 0x79, 0xe6,
  0x2d, 0xf2, 0xe3, 0x05, 0x0b, 0xee, 0x1b, 0x2d, 0x81, 0xfc, 0x90, 0x34,
  0xf6, 0xfe, 0xfc, 0x0b, 0xb0, 0x98, 0x1d, 0xf5, 0x1d, 0x42, 0xd2, 0x06,
  0x00, 0xeb, 0x41, 0x05, 0x7d, 0x08, 0x29, 0xf7, 0x0d, 0xfb, 0x2c, 0x0e,
  0x10, 0x66, 0xdc, 0x14, 0x8e, 0xfb, 0xeb, 0x02, 0x08, 0xfb, 0xd7, 0xfa,
  0xcf, 0x06, 0xd9, 0x13, 0xeb, 0x08, 0xf1, 0xf5, 0xf5, 0xde, 0xfb, 0x15,
  0xfb, 0x15, 0xe8, 0x0b, 0x10, 0xfb, 0x0c, 0xd2, 0x1a, 0x32, 0xb5, 0xee,
  0xe8, 0x29, 0xe4, 0x06, 0xbb, 0xd0, 0xf7, 0x7a, 0x2d, 0x4a, 0x7f, 0xd0,
  0x2a, 0x43, 0x01, 0xf7, 0x0c, 0x31, 0x49, 0x0b, 0xdb, 0xc7, 0x01, 0x54,
  0xb6, 0x30, 0xcc, 0x77, 0xee, 0xeb, 0x26, 0xd4, 0xfd, 0xd4, 0xff, 0x03,
  0x22, 0xfe, 0xde, 0x12, 0x3c, 0x24, 0xfe, 0x2f, 0x5d, 0x02, 0x0a, 0x73,
  0x18, 0xf2, 0x03, 0xdd, 0x0d, 0x42, 0x46, 0x10, 0xff, 0x1e, 0xbf, 0x35,
  0x0b, 0x13, 0xef, 0x2c, 0x46, 0xdc, 0xce, 0x16, 0xda, 0x20, 0xf8, 0xf1,
  0xbc, 0x28, 0x11, 0x0f, 0xe7, 0x1f, 0xe0, 0x11, 0xdd, 0xe2, 0xc6, 0x63,
  0x22, 0xe4, 0x99, 0xd2, 0x37, 0xbf, 0x3a, 0x47, 0x58, 0x9c, 0xe4, 0x82,
  0x03, 0xb3, 0xe4, 0x02, 0x27, 0x4f, 0x95, 0xc7, 0xd7, 0xa2, 0x15, 0x8d,
  0x1a, 0x93, 0x0b, 0xd2, 0x95, 0x1b, 0xf8, 0x54, 0xae, 0xe5, 0xbf, 0x61,
  0x16, 0xa2, 0xf3, 0xe7, 0x8a, 0x81, 0x5b, 0xb9, 0x37, 0x03, 0x38, 0x96,
  0xe6, 0xd2, 0x93, 0x3c, 0x01, 0x12, 0xb1, 0x0a, 0xcf, 0x99, 0x0d, 0x41,
  0x3e, 0x4f, 0xb8, 0x5b, 0xfa, 0xdc, 0xfd, 0x3d, 0x6f, 0x5a, 0x91, 0xf4,
  0xd9, 0xa7, 0x82, 0xb9, 0x0d, 0xf1, 0xfc, 0xfe, 0x35, 0xa7, 0x9c, 0x02,
  0x72, 0x5f, 0x37, 0x79, 0x37, 0x71, 0x0b, 0xe5, 0x7d, 0x10, 0x69, 0x28,
  0x99, 0xe8, 0xd9, 0xe2, 0x50, 0x53, 0x20, 0xf5, 0xf0, 0xf8, 0xb4, 0x02,
  0xd8, 0xfe, 0xf4, 0xd7, 0xd4, 0x35, 0xd0, 0x44, 0xbf, 0xf8, 0x0b, 0x0c,
  0x2b, 0xc5, 0x7f, 0x00, 0x62, 0xe9, 0x91, 0x10, 0x0d, 0xee, 0x6d, 0x26,
  0xfd, 0xec, 0xd1, 0xc4, 0xa5, 0x19, 0xd0, 0xf1, 0xde, 0x0e, 0xb6, 0x30,
  0xac, 0xf9, 0x3a, 0x02, 0xe2, 0x2a, 0xcd, 0xfc, 0x32, 0x40, 0x2e, 0xe1,
  0xb7, 0x06, 0x19, 0xea, 0x1c, 0xd9, 0x05, 0x15, 0x82, 0xda, 0xdf, 0xfa,
  0x09, 0x20, 0xc7, 0xc1, 0xba, 0x12, 0xb5, 0xd8, 0x05, 0x0a, 0xe1, 0x0f,
  0xd2, 0xab, 0x23, 0xe8, 0x06, 0xfa, 0xbf, 0xe8, 0xee, 0xe8, 0x18, 0xfc,
  0xe6, 0xf6, 0xaf, 0xf9, 0xec, 0xeb, 0xe0, 0xf0, 0xd0, 0xf0, 0xd1, 0xec,
  0xd5, 0x1d, 0x17, 0x03, 0xda, 0x10, 0xf5, 0x0a, 0x41, 0xf2, 0x1d, 0xdb,
  0x81, 0xe7, 0xe1, 0xe6, 0x31, 0xfc, 0xe9, 0x04, 0xf5, 0xd6, 0xae, 0xef,
  0xc6, 0xf1, 0xb9, 0xae, 0xea, 0xe4, 0x11, 0xc2, 0xf7, 0xf2, 0xdf, 0xec,
  0xc6, 0xb6, 0x7d, 0x0f, 0xef, 0xe5, 0xaf, 0xe3, 0xeb, 0x0e, 0x26, 0x66,
  0x52, 0xfb, 0xc7, 0xc3, 0xe5, 0xe3, 0x19, 0x0e, 0xe3, 0x41, 0x16, 0xe7,
  0x15, 0xec, 0x0c, 0x0b, 0x20, 0x03, 0x0b, 0x1d, 0x78, 0x42, 0x96, 0x2e,
  0x4f, 0x2d, 0xbf, 0x11, 0xfb, 0xa2, 0x92, 0xe1, 0x56, 0x83, 0x36, 0xd3,
  0xe1, 0xe5, 0x25, 0xf7, 0x95, 0x45, 0x2d, 0x2c, 0xd4, 0x59, 0x26, 0xd0,
  0x64, 0x32, 0x14, 0xf5, 0xf8, 0xb7, 0xd4, 0xeb, 0x8e, 0xa1, 0xa9, 0xbe,
  0xa1, 0xf0, 0x04, 0x34, 0x43, 0xb8, 0xef, 0x0a, 0x1b, 0x6c, 0xb8, 0xed,
  0x2e, 0x8e, 0xa7, 0xa7, 0x86, 0x1e, 0xb5, 0x83, 0x42, 0x18, 0xa6, 0x2e,
  0xd7, 0x1f, 0x6c, 0x8d, 0x6e, 0x60, 0xf1, 0x4a, 0xff, 0x81, 0xf4, 0xbf,
  0xef, 0x84, 0xd7, 0xae, 0x99, 0x23, 0x4c, 0x5a, 0xaf, 0xb2, 0x64, 0x03,
  0x03, 0x5e, 0xfc, 0x08, 0x0b, 0x04, 0xc1, 0x06, 0xed, 0xf1, 0x15, 0xcd,
  0xaf, 0xe8, 0xfd, 0x18, 0xc0, 0xe5, 0xc8, 0xff, 0xf5, 0xab, 0xeb, 0xec,
  0x2e, 0xf7, 0xec, 0x0c, 0xdf, 0xf9, 0xe6, 0xd4, 0x4e, 0xeb, 0xcf, 0xf1,
  0x05, 0xf7, 0x05, 0xe8, 0x07, 0x56, 0xd4, 0xf2, 0xb5, 0xcb, 0xd0, 0x04,
  0x1d, 0x0a, 0xba, 0x12, 0xbd, 0xd4, 0xc8, 0xe8, 0xb6, 0x0d, 0x08, 0xe4,
  0xa1, 0xdf, 0x31, 0xfc, 0x03, 0x2c, 0xbe, 0x15, 0xfc, 0x14, 0x53, 0xe7,
  0x7f, 0x12, 0x1e, 0xce, 0xf3, 0x17, 0x19, 0xfa, 0x26, 0x38, 0x4f, 0xd8,
  0x24, 0xd4, 0xca, 0x02, 0x28, 0xef, 0x0e, 0x48, 0x7b, 0xcd, 0x37, 0xe7,
  0x11, 0x13, 0xf8, 0x15, 0x6e, 0x35, 0x78, 0xdb, 0x2b, 0xfb, 0xe3, 0xd6,
  0x27, 0xd3, 0x0f, 0x1a, 0xe7, 0x07, 0x6f, 0xc4, 0x2d, 0x0e, 0x33, 0x0c,
  0x53, 0x34, 0x81, 0xd9, 0x0d, 0x16, 0xdb, 0xd6, 0xdc, 0x04, 0xd6, 0xc2,
  0xf3, 0x28, 0xf3, 0x08, 0xc3, 0x16, 0x0a, 0xd5, 0xed, 0xa2, 0x08, 0xe6,
  0x0f, 0xdd, 0xe9, 0x3b, 0xb4, 0xff, 0x19, 0x1a, 0xa0, 0x00, 0xc0, 0x17,
  0x07, 0x0d, 0xe7, 0xdb, 0xab, 0x00, 0xfb, 0xe8, 0xea, 0x13, 0xd9, 0xf4,
  0xfb, 0x2e, 0xf2, 0x18, 0xd2, 0x3f, 0xbe, 0x0b, 0xbb, 0xee, 0xe1, 0xd9,
  0x07, 0xc1, 0x7f, 0x45, 0x33, 0x0f, 0x12, 0x32, 0x1b, 0x0a, 0x42, 0x5c,
  0xfb, 0x23, 0xa9, 0x04, 0xf0, 0x19, 0x2c, 0x09, 0xa5, 0xff, 0xb1, 0x50,
  0xc8, 0xf7, 0xdc, 0x09, 0xf9, 0x0a, 0x83, 0xd5, 0x48, 0x30, 0x53, 0x23,
  0x0b, 0x0c, 0x09, 0x1e, 0x61, 0x0a, 0x2f, 0x11, 0x27, 0xfb, 0xd7, 0x29,
  0x11, 0x16, 0x1e, 0x0e, 0xd9, 0x2d, 0xd0, 0xfa, 0xea, 0x0c, 0xfc, 0x17,
  0xcc, 0xe3, 0xfe, 0x2f, 0x38, 0x05, 0x10, 0xff, 0x01, 0x06, 0x08, 0x0b,
  0xf4, 0x20, 0x02, 0xee, 0xeb, 0xfc, 0xf5, 0xfe, 0xd6, 0x06, 0x9a, 0x08,
  0xa5, 0xd3, 0xdb, 0xfc, 0xec, 0x02, 0x97, 0xdd, 0x7c, 0x00, 0x32, 0xf8,
  0x58, 0xfc, 0x68, 0xfb, 0x4d, 0x72, 0x38, 0xda, 0x4e, 0xbe, 0x4a, 0xfb,
  0x3a, 0xe9, 0x4e, 0x7f, 0x0e, 0x02, 0x4a, 0xe2, 0x24, 0xfb, 0x22, 0xff,
  0x61, 0x35, 0xfd, 0xf7, 0x28, 0x20, 0xd3, 0x0b, 0x1b, 0xec, 0x3a, 0xc5,
  0xd7, 0xee, 0x07, 0x0a, 0xbf, 0x0e, 0xe6, 0x0c, 0x38, 0x8a, 0xe3, 0xf6,
  0xde, 0xfd, 0xe4, 0xed, 0x0a, 0x03, 0x0f, 0xc8, 0xcd, 0x0b, 0xa5, 0xda,
  0xea, 0x16, 0xf4, 0x13, 0xda, 0x8f, 0xa1, 0x07, 0x9b, 0xf7, 0xd5, 0x11,
  0xe2, 0xf8, 0xca, 0xac, 0xd0, 0x17, 0xbd, 0xd7, 0xca, 0xf4, 0xc4, 0x0b,
  0xdb, 0xa6, 0xb8, 0xd1, 0xd8, 0xdf, 0xce, 0xf3, 0xd8, 0xea, 0x81, 0xec,
  0xdf, 0x0c, 0xef, 0xfb, 0xba, 0x18, 0x05, 0x13, 0xc4, 0xc3, 0xc7, 0x05,
  0xcc, 0xd4, 0xd3, 0xfc, 0x09, 0xf9, 0xa3, 0xc5, 0xda, 0xdd, 0xea, 0xc8,
  0x11, 0xdd, 0xbb, 0xf0, 0xac, 0x41, 0x10, 0x01, 0xee, 0xaa, 0x45, 0xcb,
  0xea, 0x0d, 0x05, 0x6b, 0x04, 0xf9, 0xf9, 0xbf, 0x07, 0xb7, 0xf6, 0xf2,
  0x0d, 0x35, 0x29, 0xfb, 0x57, 0x17, 0x17, 0xcc, 0xf0, 0xfa, 0x19, 0xfc,
  0x2b, 0xf5, 0x59, 0x12, 0x02, 0xcf, 0xc4, 0xeb, 0x5f, 0xe0, 0x6a, 0xe1,
  0x5c, 0x05, 0xca, 0xc9, 0x1a, 0x0e, 0x69, 0x29, 0x7e, 0xda, 0xff, 0xff,
  0x04, 0x00, 0x00, 0x00, 0x50, 0x00, 0x00, 0x00, 0xec, 0x08, 0x00, 0x00,
  0x0d, 0x3a, 0x00, 0x00, 0xa7, 0x17, 0x00, 0x00, 0x3a, 0xe2, 0xff, 0xff,
  0xa9, 0xf5, 0xff, 0xff, 0xcc, 0x02, 0x00, 0x00, 0xb0, 0xf4, 0xff, 0xff,
  0x5c, 0x2a, 0x00, 0x00, 0xe0, 0xfc, 0xff, 0xff, 0x9a, 0x04, 0x00, 0x00,
  0x86, 0xea, 0xff, 0xff, 0x11, 0xfe, 0xff, 0xff, 0xc3, 0x27, 0x00, 0x00,
  0x60, 0x16, 0x00, 0x00, 0x9b, 0xe5, 0xff, 0xff, 0xe4, 0x0b, 0x00, 0x00,
  0x9e, 0x01, 0x00, 0x00, 0x60, 0xf4, 0xff, 0xff, 0x20, 0xe7, 0xff, 0xff,
  0x35, 0x0d, 0x00, 0x00, 0xda, 0xda, 0xff, 0xff, 0x04, 0x00, 0x00, 0x00,
  0x28, 0x23, 0x00, 0x00, 0x0f, 0x2d, 0x26, 0xe6, 0x28, 0xdc, 0xf5, 0x11,
  0x6c, 0x1d, 0x23, 0xec, 0x05, 0xfa, 0xff, 0x18, 0x03, 0xd4, 0x22, 0xc9,
  0x32, 0xde, 0x05, 0x17, 0xfc, 0xf7, 0xcb, 0xc3, 0xfc, 0xfe, 0xe8, 0xd8,
  0x20, 0x57, 0xf0, 0x04, 0xe2, 0x20, 0xe3, 0x07, 0x29, 0x1b, 0x29, 0x26,
  0x13, 0x41, 0x04, 0xc8, 0x27, 0xf8, 0x0a, 0x1b, 0x2a, 0x56, 0xeb, 0xc3,
  0x02, 0xec, 0x3e, 0xf3, 0xd7, 0x34, 0x00, 0xfb, 0x12, 0x0b, 0x24, 0xb9,
  0xc4, 0xda, 0xe6, 0xfd, 0x3c, 0xd4, 0x09, 0x21, 0x21, 0xea, 0x25, 0x33,
  0xf3, 0xcd, 0xf9, 0x2b, 0xee, 0x13, 0x06, 0xe6, 0xde, 0x03, 0x0a, 0xff,
  0x04, 0x12, 0xd8, 0x28, 0xdc, 0x23, 0x03, 0x0a, 0xd0, 0xfd, 0x11, 0xff,
  0xda, 0x1b, 0x2f, 0x09, 0xce, 0x07, 0xfa, 0xf1, 0x10, 0x4c, 0xd5, 0x52,
  0x34, 0x17, 0x5b, 0xe1, 0x3a, 0x5d, 0xf1, 0x2e, 0xe9, 0x26, 0x40, 0x1e,
  0xf9, 0xc0, 0xf0, 0x16, 0x34, 0xcf, 0xfa, 0xeb, 0xe9, 0x01, 0x04, 0x1a,
  0x7f, 0x14, 0xf6, 0x3c, 0x1e, 0xc0, 0xf4, 0x3f, 0x30, 0xd0, 0xf6, 0xf9,
  0x4b, 0xf7, 0x0b, 0x00, 0xf3, 0x63, 0xdc, 0xc2, 0xd3, 0xef, 0xff, 0xd8,
  0xf4, 0xb6, 0xeb, 0x35, 0x06, 0x32, 0xfc, 0x2d, 0xea, 0x12, 0xfa, 0x44,
  0xec, 0xf9, 0x1f, 0x22, 0xe3, 0xe2, 0xe4, 0x22, 0xdb, 0xb8, 0x10, 0xc4,
  0x67, 0x43, 0xce, 0x36, 0xdf, 0x1d, 0x0a, 0x01, 0x3a, 0x2c, 0xc6, 0xf9,
  0x35, 0x28, 0xf6, 0x0c, 0xfb, 0xf4, 0xa2, 0xef, 0x0d, 0xd0, 0x39, 0x07,
  0xdd, 0x12, 0x20, 0xee, 0x2d, 0x0a, 0x1b, 0x02, 0x2a, 0x3e, 0x23, 0x3b,
  0xdf, 0x49, 0xc9, 0x00, 0xe3, 0xee, 0x27, 0xdc, 0x57, 0x60, 0x18, 0xb1,
  0xfe, 0xde, 0xe3, 0xd2, 0x23, 0x2e, 0x4d, 0x41, 0x24, 0x1f, 0x24, 0xb6,
  0xa5, 0x1d, 0xea, 0x21, 0xe5, 0xfc, 0xfc, 0x00, 0x44, 0x2f, 0x0d, 0x12,
  0x17, 0xd4, 0x0a, 0xff, 0xf1, 0x07, 0xbc, 0x1b, 0xcd, 0xf1, 0x12, 0x34,
  0x0b, 0xe8, 0x03, 0xe1, 0xda, 0xec, 0xf3, 0x34, 0xbf, 0x09, 0x28, 0xd5,
  0xcd, 0xed, 0x2b, 0x20, 0xa4, 0x39, 0x25, 0x2a, 0xd4, 0x32, 0x33, 0x5c,
  0x08, 0xee, 0xf8, 0x27, 0x25, 0x48, 0xda, 0xf4, 0xcd, 0x44, 0x3f, 0x03,
  0x2c, 0x8d, 0x10, 0xf0, 0x11, 0xbe, 0x36, 0xc5, 0xd6, 0x58, 0xe2, 0x0b,
  0x7f, 0xe5, 0xd4, 0x0a, 0x3f, 0xf0, 0xf5, 0x2e, 0x69, 0xf1, 0xe2, 0x25,
  0x48, 0xea, 0xc8, 0xc8, 0xca, 0x44, 0x1b, 0xfd, 0xef, 0x4c, 0x28, 0xd1,
  0xe9, 0x93, 0x09, 0x27, 0xff, 0x70, 0xd4, 0x36, 0xdf, 0x19, 0xcc, 0x07,
  0xd2, 0x00, 0xed, 0xd9, 0xd8, 0x20, 0x11, 0xf3, 0xfa, 0xfe, 0x2a, 0xfc,
  0x65, 0x3c, 0xfe, 0x1a, 0xfa, 0x28, 0xf5, 0x15, 0x0c, 0xb5, 0x13, 0xeb,
  0x30, 0x3d, 0x1a, 0xfb, 0xed, 0xec, 0xa2, 0x02, 0x2b, 0x23, 0xe9, 0xec,
  0x29, 0x3f, 0x0f, 0xf1, 0x07, 0x29, 0x1f, 0x93, 0x7f, 0x35, 0xf9, 0x31,
  0xd5, 0x0d, 0xea, 0x16, 0x29, 0xd9, 0xee, 0x05, 0x3b, 0x43, 0xe8, 0xa0,
  0xf0, 0xf8, 0x2d, 0xb9, 0xcc, 0x16, 0x25, 0x0d, 0xf4, 0x14, 0x3d, 0xc6,
  0xfd, 0xff, 0xe7, 0xfa, 0x1f, 0x09, 0xea, 0x20, 0x18, 0xf0, 0x42, 0x17,
  0xd8, 0xf3, 0x1e, 0x0b, 0x0a, 0x0e, 0xd1, 0x15, 0xd7, 0x03, 0xf8, 0x08,
  0xf9, 0x03, 0xfa, 0x09, 0x14, 0x20, 0x44, 0x13, 0x15, 0x27, 0x47, 0x0e,
  0x0a, 0x07, 0xfc, 0x14, 0xa1, 0x00, 0xe6, 0x16, 0xf3, 0x1f, 0x0a, 0x44,
  0x17, 0xb5, 0x38, 0x0b, 0x1f, 0x07, 0x08, 0x1d, 0xf6, 0x15, 0xe7, 0xe4,
  0x09, 0xb2, 0xe8, 0xf9, 0xfe, 0x04, 0xea, 0xf7, 0xe9, 0x16, 0x48, 0x34,
  0x1f, 0xed, 0xfd, 0xf6, 0xfb, 0xea, 0xd7, 0x00, 0x06, 0xcf, 0x07, 0x0a,
  0x02, 0x07, 0x19, 0x03, 0xe1, 0x27, 0x1d, 0x01, 0xec, 0x01, 0xf3, 0xe1,
  0xf8, 0xc2, 0xd7, 0xee, 0x34, 0x0d, 0xf9, 0xed, 0xc0, 0x22, 0xec, 0x2a,
  0x11, 0xda, 0x20, 0x40, 0xd3, 0x29, 0x39, 0x1c, 0x2a, 0xfc, 0x68, 0xde,
  0x79, 0x06, 0xb7, 0x18, 0x2f, 0xf9, 0x0d, 0x51, 0xcf, 0xe3, 0x43, 0xac,
  0xf1, 0xd9, 0xf2, 0xdb, 0x5d, 0x9d, 0x3e, 0x36, 0xbe, 0x55, 0x48, 0x12,
  0x93, 0x0c, 0xb3, 0x3d, 0xc1, 0xf7, 0xdd, 0xce, 0x70, 0xff, 0xc2, 0x6d,
  0xa5, 0xe8, 0x40, 0xaf, 0x48, 0x35, 0x29, 0xfe, 0x17, 0xd6, 0xf0, 0x81,
  0xa8, 0x48, 0xeb, 0x30, 0x97, 0x2d, 0x2b, 0xeb, 0xe2, 0xd0, 0xc9, 0x2a,
  0xd4, 0xaf, 0xf1, 0x63, 0x2a, 0x4a, 0x62, 0x60, 0x09, 0x11, 0xbb, 0xb1,
  0xa6, 0x37, 0x46, 0x70, 0x0c, 0x20, 0x92, 0x84, 0xea, 0x17, 0xd0, 0x15,
  0x15, 0x4f, 0x04, 0xd2, 0xa2, 0x36, 0x0e, 0x50, 0x04, 0xab, 0xd1, 0x08,
  0x28, 0xad, 0xfc, 0x6d, 0x2f, 0xdb, 0x24, 0x06, 0x43, 0xce, 0x07, 0x04,
  0x0a, 0xd9, 0x42, 0x07, 0x47, 0x60, 0x1d, 0xc1, 0xd9, 0xd7, 0xb1, 0x31,
  0x35, 0xcf, 0xbb, 0x28, 0xc4, 0x53, 0x3b, 0x91, 0xd9, 0x0f, 0x4e, 0x2b,
  0x43, 0x27, 0xa4, 0x30, 0x07, 0x26, 0xbc, 0x59, 0xf7, 0x46, 0x00, 0x9f,
  0x2d, 0x34, 0xa4, 0xa2, 0x39, 0x72, 0xd1, 0xfd, 0xc3, 0x58, 0x46, 0xfd,
  0x3e, 0x1f, 0xd0, 0x30, 0x11, 0x0a, 0xb7, 0x29, 0xa3, 0xca, 0x5c, 0x6c,
  0xee, 0xee, 0x1a, 0xb2, 0xfe, 0x3d, 0xeb, 0xdf, 0xcf, 0xe1, 0x23, 0xfc,
  0x56, 0x1e, 0x10, 0x14, 0xe8, 0x21, 0x20, 0xf4, 0x39, 0xd2, 0x19, 0x0f,
  0x22, 0x35, 0x30, 0x05, 0xec, 0xff, 0xab, 0x41, 0x0a, 0x0d, 0xff, 0x24,
  0xf8, 0x42, 0x09, 0xe7, 0xec, 0x32, 0x38, 0x81, 0x42, 0x5a, 0xfc, 0x09,
  0x06, 0x42, 0xda, 0xec, 0x05, 0x06, 0xed, 0x1f, 0x65, 0x35, 0x10, 0xdf,
  0xd6, 0xdf, 0x3f, 0xce, 0xa5, 0xef, 0x2d, 0xda, 0xfd, 0xed, 0x2c, 0x05,
  0xdb, 0xda, 0x02, 0x25, 0x20, 0xdd, 0x0f, 0x26, 0xf7, 0xcc, 0x22, 0x52,
  0xd2, 0x25, 0x61, 0xf9, 0x04, 0x14, 0xe1, 0x2a, 0xc6, 0xc0, 0xdc, 0x1c,
  0xff, 0xec, 0xe7, 0x34, 0xf3, 0xff, 0x23, 0xeb, 0x05, 0x19, 0x1d, 0x29,
  0xf5, 0x1f, 0xc9, 0xf9, 0xab, 0x18, 0xef, 0x12, 0xbb, 0x27, 0x27, 0x1b,
  0xf3, 0xa0, 0x1f, 0x28, 0xf9, 0x24, 0xfc, 0x0f, 0x00, 0xfb, 0xcf, 0xfa,
  0x3e, 0xff, 0xe7, 0xe8, 0xe0, 0xdc, 0x04, 0x04, 0xeb, 0xfb, 0x1f, 0x4f,
  0x3b, 0x19, 0xe8, 0x1c, 0xea, 0xe2, 0xcc, 0x10, 0x07, 0xb4, 0xd2, 0xfb,
  0x23, 0xe5, 0xec, 0xef, 0x0d, 0xf7, 0x0c, 0xef, 0xe1, 0xcd, 0xeb, 0xe1,
  0x08, 0xee, 0xf7, 0x12, 0x12, 0x32, 0xd3, 0x14, 0xe8, 0x01, 0x1d, 0x32,
  0xdf, 0xeb, 0x43, 0x4d, 0xef, 0xf6, 0x1d, 0xbe, 0xf8, 0x1d, 0x27, 0xf5,
  0xf6, 0x17, 0xed, 0x10, 0x3d, 0xf9, 0xde, 0xfe, 0xeb, 0xde, 0x23, 0x10,
  0xf7, 0x36, 0x0c, 0xbe, 0x13, 0xfc, 0xff, 0x3a, 0x0b, 0x44, 0xf1, 0xf6,
  0x06, 0x09, 0x0a, 0xff, 0xfd, 0x06, 0x08, 0xb6, 0x21, 0xed, 0x0a, 0xee,
  0xd2, 0x09, 0xef, 0x27, 0xd6, 0x2d, 0x1b, 0x13, 0xe8, 0xe0, 0x02, 0x24,
  0xd6, 0xff, 0x1e, 0xe3, 0xec, 0xcd, 0xff, 0xc4, 0xdb, 0xe0, 0xdd, 0x3a,
  0x2a, 0xe6, 0xde, 0x00, 0xed, 0x19, 0x0e, 0x39, 0x23, 0xc7, 0xe0, 0x20,
  0x24, 0x2b, 0x16, 0xde, 0x00, 0xd3, 0x10, 0x37, 0xf6, 0xfc, 0xf7, 0x0b,
  0xfb, 0x39, 0xe1, 0x36, 0xfd, 0xfe, 0x10, 0xba, 0x1d, 0x03, 0x04, 0x01,
  0xe6, 0xfe, 0xa3, 0xda, 0x06, 0xf9, 0xea, 0xed, 0xe7, 0x96, 0x0a, 0xd6,
  0xeb, 0xd7, 0x06, 0x1c, 0x81, 0xca, 0xe5, 0xf1, 0x03, 0xef, 0xb5, 0xdd,
  0x18, 0x4f, 0xf5, 0x16, 0xcc, 0x0b, 0x1f, 0x33, 0x27, 0xbe, 0xe6, 0x22,
  0xa0, 0xf5, 0x34, 0xf2, 0xc6, 0x01, 0xbb, 0xd0, 0xa5, 0xba, 0x03, 0x0f,
  0xdd, 0x00, 0x0f, 0x04, 0x1a, 0xa8, 0x37, 0x5f, 0x1e, 0xf2, 0x0f, 0x0f,
  0xef, 0x60, 0xc6, 0xa4, 0xec, 0xbd, 0xdc, 0x1a, 0x14, 0xd1, 0x0d, 0xa2,
  0xd8, 0xe6, 0x10, 0x31, 0xd2, 0x34, 0x0e, 0xf9, 0x16, 0xe8, 0xf2, 0xf8,
  0x7f, 0x4d, 0xff, 0x13, 0xec, 0x0e, 0x13, 0x0d, 0x0e, 0xc7, 0xfb, 0xff,
  0x42, 0x14, 0x22, 0x1c, 0xf9, 0xee, 0xc3, 0x1c, 0x13, 0x23, 0xe6, 0x03,
  0x14, 0x35, 0xfb, 0xed, 0x0f, 0x10, 0x03, 0xa3, 0x77, 0x3a, 0xf7, 0x38,
  0xe0, 0x18, 0xe5, 0x18, 0x26, 0xeb, 0x04, 0xee, 0x44, 0x4d, 0xf9, 0xc2,
  0x1f, 0x1e, 0x04, 0xe9, 0xe4, 0xea, 0x0d, 0x11, 0xdd, 0x04, 0x19, 0xe4,
  0x04, 0xf0, 0xe5, 0x1b, 0xf8, 0xeb, 0x0b, 0x19, 0x19, 0x01, 0x44, 0x1b,
  0xbe, 0xea, 0x30, 0x0f, 0x0f, 0xf1, 0xd2, 0x16, 0xe3, 0x05, 0xf9, 0xe8,
  0x1e, 0x0e, 0xf7, 0x03, 0xee, 0x11, 0x1a, 0x09, 0xf2, 0x1a, 0x4b, 0x0d,
  0xfb, 0xec, 0x1d, 0xf1, 0xaa, 0x35, 0xe9, 0xf5, 0xe4, 0x16, 0x18, 0x25,
  0x07, 0xb7, 0x33, 0x22, 0x35, 0x2b, 0xff, 0x1e, 0xf6, 0x17, 0xfa, 0x0a,
  0x1a, 0xbf, 0x0a, 0x0f, 0x0e, 0xed, 0x10, 0xd9, 0x17, 0xfa, 0x2d, 0x27,
  0x39, 0xe7, 0xdb, 0xff, 0x12, 0xeb, 0xfd, 0xf7, 0x1a, 0xd6, 0xf9, 0xec,
  0x20, 0x02, 0xfa, 0x03, 0x01, 0x26, 0x26, 0x0f, 0x0d, 0x05, 0xdf, 0x0e,
  0xfd, 0xe3, 0xef, 0x13, 0x03, 0x26, 0x1a, 0x04, 0xc7, 0x07, 0xfd, 0x29,
  0x0b, 0xd2, 0x2f, 0x0f, 0xe5, 0x3a, 0x0b, 0xbf, 0x16, 0x0e, 0x28, 0x09,
  0xe7, 0x00, 0x06, 0xd2, 0x3f, 0x1a, 0xd9, 0x12, 0xda, 0x03, 0x26, 0x37,
  0x21, 0x26, 0x18, 0xf0, 0x17, 0xe0, 0x25, 0x1c, 0xfd, 0x1f, 0x19, 0x1d,
  0x19, 0xec, 0x02, 0x1c, 0xe7, 0x31, 0x38, 0x81, 0x26, 0x00, 0xd2, 0x06,
  0xce, 0x2f, 0x0e, 0xe9, 0x1e, 0x23, 0xd4, 0x11, 0xf0, 0x22, 0x2b, 0x0c,
  0x1f, 0x00, 0x1a, 0xff, 0xca, 0xe2, 0x0f, 0xa5, 0x09, 0x04, 0xfe, 0x1c,
  0x36, 0xc7, 0x2e, 0x11, 0x16, 0x50, 0xfd, 0xf6, 0x1a, 0x0a, 0xe1, 0x2c,
  0x00, 0x5c, 0x18, 0xb8, 0x23, 0xd8, 0x10, 0x37, 0xdb, 0xc9, 0xf9, 0x05,
  0x0c, 0x06, 0xe1, 0x38, 0x2c, 0xc2, 0x03, 0xc5, 0x05, 0xbc, 0x1c, 0xe4,
  0xcc, 0x0a, 0xc2, 0x09, 0xd0, 0xd5, 0x09, 0x2d, 0x03, 0xa3, 0xd9, 0xad,
  0x1d, 0xdc, 0x29, 0x2d, 0xd3, 0x87, 0x12, 0xed, 0xfb, 0xe5, 0x05, 0xae,
  0x19, 0x71, 0xd7, 0x1a, 0xf7, 0x28, 0xde, 0x55, 0x38, 0xb4, 0xeb, 0x29,
  0xa7, 0x0c, 0x34, 0xc5, 0xf4, 0x31, 0xca, 0xa1, 0xc7, 0xf8, 0xd9, 0xe2,
  0xb1, 0xe3, 0xfe, 0xdc, 0x12, 0xb7, 0x5e, 0x13, 0x33, 0xc4, 0x3b, 0x07,
  0xed, 0x1e, 0xd0, 0xdd, 0xd3, 0xc9, 0xe6, 0xe6, 0xff, 0x85, 0xe7, 0xc5,
  0x13, 0xc9, 0xf1, 0x56, 0x49, 0xe6, 0xc7, 0xf0, 0xc3, 0x29, 0x48, 0x52,
  0xd9, 0xb8, 0x3c, 0x02, 0x17, 0xfc, 0xc2, 0x15, 0xbd, 0xcf, 0xbe, 0x14,
  0x1e, 0x38, 0x03, 0xc8, 0xfc, 0x3f, 0xf3, 0x0b, 0xff, 0x9e, 0x4c, 0x2f,
  0xd7, 0x07, 0x28, 0xcf, 0xd0, 0xc3, 0xdd, 0x2f, 0x89, 0x2a, 0x02, 0x9d,
  0xfc, 0x1d, 0x1c, 0xdb, 0xbd, 0x02, 0xfb, 0x40, 0x22, 0x81, 0x11, 0x67,
  0xfd, 0x2a, 0x32, 0x40, 0x5b, 0xb2, 0x07, 0x0d, 0x31, 0xab, 0xd8, 0x4e,
  0x31, 0xf3, 0x08, 0x24, 0xd7, 0xe0, 0xec, 0x3a, 0xe5, 0x21, 0x90, 0x05,
  0x5d, 0xf9, 0x3b, 0x20, 0x2c, 0x44, 0x30, 0x5d, 0xd1, 0x4c, 0xda, 0x34,
  0xca, 0x17, 0xe5, 0x33, 0x4e, 0xc8, 0x08, 0xe1, 0xbd, 0x2b, 0xa3, 0xb3,
  0xce, 0x00, 0x00, 0xe8, 0x37, 0xf3, 0xfd, 0xfb, 0x38, 0x0c, 0x37, 0xce,
  0xd4, 0x52, 0xe8, 0x42, 0xc5, 0xda, 0x4a, 0x04, 0xdb, 0xe3, 0x20, 0xff,
  0xe8, 0x29, 0x0f, 0x12, 0x1a, 0xf0, 0xbd, 0x3f, 0x3c, 0xc6, 0xb4, 0xbf,
  0xac, 0xa4, 0x28, 0xb8, 0x13, 0x2f, 0x03, 0x0b, 0x0d, 0x49, 0xe0, 0x52,
  0xc0, 0x4d, 0xef, 0xc8, 0x24, 0x2b, 0xe2, 0x5c, 0xee, 0xfc, 0xd9, 0x3b,
  0x1e, 0x54, 0xbb, 0xa2, 0xcb, 0xe4, 0x1b, 0x20, 0x2c, 0xff, 0xc3, 0xe0,
  0x47, 0x52, 0x11, 0xf7, 0x00, 0x05, 0x06, 0xd4, 0x09, 0x0e, 0x05, 0x06,
  0x19, 0x21, 0xf4, 0x10, 0x01, 0x13, 0xf0, 0x1c, 0x13, 0xbd, 0x17, 0xee,
  0x26, 0x2e, 0x16, 0xbb, 0xe2, 0x10, 0x05, 0x4f, 0xfb, 0x27, 0xed, 0x10,
  0x37, 0xfb, 0x05, 0xf7, 0x10, 0xfd, 0xf1, 0x81, 0x56, 0x2d, 0xf6, 0x23,
  0xe1, 0xff, 0x08, 0x28, 0xfe, 0x05, 0xec, 0xfc, 0x15, 0x12, 0x15, 0xdc,
  0x00, 0x07, 0x11, 0xe8, 0xd5, 0xe6, 0xeb, 0xeb, 0xdd, 0xde, 0xfd, 0xf6,
  0x42, 0xe6, 0x03, 0x10, 0xff, 0x1c, 0xe7, 0x31, 0x09, 0xeb, 0x1f, 0xfb,
  0x05, 0x3e, 0x37, 0xe2, 0x08, 0x09, 0xe9, 0x24, 0xf5, 0xeb, 0xff, 0x0b,
  0xfc, 0x32, 0x15, 0x46, 0x07, 0xff, 0x16, 0x05, 0x2f, 0xdd, 0x1d, 0x07,
  0xe7, 0x16, 0xb1, 0x10, 0xd4, 0xd5, 0xdf, 0x11, 0xf7, 0xa7, 0xfd, 0xea,
  0xfd, 0xb6, 0x08, 0xfd, 0xbe, 0xca, 0xeb, 0x0c, 0xf3, 0xef, 0xea, 0xe9,
  0x2f, 0x58, 0x12, 0x15, 0xe8, 0x0e, 0x0f, 0x31, 0xf5, 0xc4, 0x1b, 0x20,
  0xcd, 0xf5, 0x1a, 0xdc, 0xdc, 0x14, 0xdf, 0xdc, 0xc6, 0xcc, 0xee, 0x08,
  0xbd, 0xfd, 0x15, 0x0e, 0x19, 0xc7, 0x4f, 0x4d, 0x1d, 0xde, 0x14, 0xdb,
  0x08, 0x0b, 0xad, 0xc1, 0x00, 0xe2, 0xe3, 0xe9, 0xee, 0xb5, 0x1a, 0xe2,
  0x0b, 0x10, 0x3c, 0x1f, 0x34, 0x14, 0xf0, 0xa6, 0x09, 0x44, 0x5c, 0xce,
  0x13, 0x26, 0x42, 0xc7, 0x49, 0x32, 0xc3, 0x15, 0xc5, 0x12, 0x0b, 0xd1,
  0x10, 0x30, 0xf1, 0xde, 0xfa, 0x3e, 0xfa, 0x57, 0x48, 0xf5, 0x02, 0xe7,
  0x3c, 0x01, 0x19, 0x22, 0xdb, 0xe7, 0x29, 0xc4, 0x24, 0x45, 0x10, 0x1b,
  0x37, 0xe0, 0x1e, 0xee, 0xf4, 0x2c, 0x2a, 0xcf, 0x0f, 0xfa, 0x20, 0xd7,
  0xff, 0x41, 0x0b, 0x01, 0xe3, 0x11, 0xa3, 0xe3, 0x4b, 0xc4, 0xbe, 0xda,
  0xeb, 0x0c, 0x4a, 0x03, 0x12, 0x6b, 0x22, 0x57, 0xb4, 0xe3, 0x32, 0xd7,
  0xd8, 0x11, 0xec, 0xc3, 0x1f, 0xc6, 0x15, 0x6b, 0xea, 0xcc, 0xbc, 0xcb,
  0x3b, 0x15, 0xd7, 0xda, 0x46, 0xe3, 0x28, 0xa2, 0x30, 0xfc, 0x0a, 0xcd,
  0x0a, 0x46, 0xa7, 0xcf, 0x3f, 0xae, 0x37, 0x00, 0xb8, 0xa4, 0xda, 0xf7,
  0xc9, 0xd5, 0x12, 0xe3, 0xe0, 0x04, 0x2f, 0xd7, 0x24, 0x37, 0xab, 0xdf,
  0xfe, 0x31, 0xee, 0x43, 0xd1, 0x1c, 0xc7, 0x0b, 0x4c, 0xae, 0xc3, 0x46,
  0xd4, 0x13, 0xe5, 0x26, 0xe1, 0x08, 0x00, 0x98, 0xcf, 0xe1, 0xcd, 0xb4,
  0xf3, 0x22, 0xe8, 0xf1, 0x1f, 0x87, 0xdf, 0x54, 0x43, 0x1f, 0x1f, 0xd7,
  0x18, 0x56, 0xb1, 0xc4, 0xc6, 0x81, 0x38, 0x01, 0xff, 0xdf, 0x3e, 0xec,
  0xc0, 0xf6, 0x41, 0xcb, 0xfa, 0x23, 0x1d, 0xa5, 0x3a, 0x24, 0xf9, 0xf9,
  0xfa, 0x50, 0xd9, 0x47, 0x10, 0x14, 0xce, 0xd7, 0xf7, 0x9b, 0x2e, 0xb6,
  0x1b, 0x24, 0x3c, 0xec, 0x39, 0xe1, 0xa7, 0x1a, 0x18, 0x45, 0xb8, 0x35,
  0x12, 0x6f, 0x1f, 0x06, 0xe7, 0x26, 0xf1, 0xb4, 0x7f, 0x18, 0xfe, 0xfc,
  0x2a, 0xe5, 0xbe, 0x0e, 0xc1, 0xc8, 0xf8, 0x38, 0x0d, 0x4c, 0xde, 0xba,
  0x3a, 0x06, 0x29, 0xe7, 0xb0, 0xec, 0xfc, 0xd1, 0xb2, 0x05, 0x16, 0xe6,
  0x17, 0x3f, 0x33, 0x06, 0x26, 0xd9, 0xe7, 0x64, 0xfe, 0xb9, 0x00, 0x4f,
  0x08, 0x39, 0x7f, 0xf3, 0x3a, 0x06, 0xa8, 0x06, 0xe4, 0xc2, 0x34, 0x29,
  0x2c, 0x25, 0xcb, 0x39, 0x15, 0xf9, 0x60, 0x21, 0xfc, 0x1b, 0x3c, 0x05,
  0x3e, 0x2e, 0x0d, 0xf7, 0xdb, 0xb1, 0xbf, 0xcf, 0xc7, 0xb8, 0x3d, 0x0e,
  0x3d, 0x92, 0x56, 0xe3, 0xd2, 0xf1, 0x17, 0x3d, 0xd2, 0xeb, 0x0c, 0xab,
  0xfa, 0x24, 0x0c, 0x02, 0xaf, 0x00, 0x10, 0xdd, 0xde, 0xc3, 0x61, 0x76,
  0x2b, 0xc9, 0x23, 0x2a, 0xf6, 0x19, 0x13, 0xfd, 0xc6, 0x0e, 0xcb, 0xfd,
  0xd7, 0xcf, 0xd4, 0x0e, 0xf2, 0x09, 0x73, 0xf8, 0xc0, 0x01, 0xd8, 0xe7,
  0xd6, 0x22, 0xe4, 0xdd, 0x34, 0xd0, 0xd6, 0xc3, 0xdf, 0xaa, 0x3c, 0xb8,
  0xf2, 0xe7, 0x34, 0xf9, 0x27, 0x2e, 0x11, 0xc9, 0x01, 0x3d, 0x07, 0x0e,
  0xb1, 0x0b, 0xdf, 0xfb, 0xff, 0xee, 0x07, 0x29, 0xda, 0x01, 0xee, 0x2e,
  0x14, 0x3c, 0xc2, 0xae, 0xf8, 0xe1, 0x02, 0x2c, 0xd1, 0x42, 0x12, 0xd0,
  0x14, 0xdc, 0xd9, 0x2b, 0xf2, 0x25, 0xda, 0xe2, 0x17, 0x13, 0x08, 0xdf,
  0xdf, 0x07, 0x1b, 0xe6, 0xd7, 0x2e, 0x13, 0xeb, 0xc5, 0xfb, 0xe3, 0x1e,
  0xf4, 0xe4, 0x0d, 0x21, 0xe9, 0xe2, 0x05, 0xd3, 0x2b, 0x06, 0xe9, 0x35,
  0x10, 0x0a, 0xe6, 0xe0, 0xf7, 0x15, 0x29, 0xff, 0x2b, 0x13, 0xc2, 0xfa,
  0x12, 0x42, 0x2c, 0xf0, 0x2a, 0x19, 0xe2, 0x45, 0xf1, 0xd1, 0x19, 0x0d,
  0x0c, 0xf3, 0xf9, 0x34, 0xf9, 0xcc, 0x1a, 0xcb, 0x30, 0xf6, 0xf5, 0x10,
  0x29, 0x23, 0xc9, 0xc5, 0xff, 0xd3, 0xcf, 0x2c, 0xce, 0xc4, 0xe4, 0xc1,
  0xf2, 0x0f, 0xf8, 0x10, 0x89, 0xea, 0x02, 0xea, 0x1c, 0xf2, 0xe9, 0x22,
  0xdd, 0x38, 0xd4, 0xee, 0xab, 0x42, 0x1a, 0x0a, 0xfa, 0xf4, 0x24, 0xfb,
  0xbb, 0x15, 0x5e, 0xf2, 0xeb, 0x2b, 0xcd, 0xa4, 0x96, 0x1d, 0x0f, 0xf5,
  0xfd, 0x2f, 0x10, 0x3b, 0x00, 0x81, 0x06, 0x05, 0x3c, 0xb8, 0x2e, 0x1f,
  0xe3, 0x2d, 0xdf, 0x9f, 0xe0, 0x8e, 0xeb, 0x03, 0xfc, 0xc2, 0xf9, 0xce,
  0xc8, 0x18, 0x10, 0x17, 0xcc, 0x0f, 0x14, 0xf6, 0xeb, 0x00, 0x09, 0xe1,
  0x51, 0x2f, 0xfd, 0x19, 0x0f, 0x20, 0xe4, 0x0a, 0x0b, 0xc6, 0x1f, 0xeb,
  0x14, 0x25, 0x04, 0x08, 0xee, 0xeb, 0xb9, 0x0f, 0x3a, 0x16, 0x10, 0xf5,
  0x04, 0x43, 0x08, 0x06, 0x0d, 0x15, 0x25, 0xa4, 0x58, 0x29, 0x1c, 0x34,
  0xdb, 0x3d, 0xed, 0x06, 0x21, 0xf1, 0x14, 0x09, 0x45, 0x5f, 0xe4, 0xc1,
  0x0f, 0xe5, 0x2d, 0xdd, 0xd2, 0x1f, 0x37, 0x28, 0xf8, 0x09, 0x25, 0xde,
  0xe3, 0x0f, 0xef, 0xf7, 0xf8, 0xda, 0xfb, 0xfe, 0x15, 0x13, 0x1d, 0x40,
  0xc4, 0xde, 0x08, 0x13, 0xe0, 0x0d, 0xff, 0xe5, 0xec, 0xf4, 0xfd, 0x0a,
  0x19, 0xe2, 0xf3, 0x21, 0xf1, 0xff, 0x1a, 0x2e, 0x04, 0x04, 0x44, 0x2c,
  0x0d, 0xf0, 0x18, 0x04, 0xa9, 0x3c, 0xef, 0xf0, 0xe6, 0x3c, 0xfd, 0x47,
  0x20, 0xcb, 0x4d, 0x08, 0x4c, 0x27, 0x03, 0x38, 0x01, 0x07, 0x07, 0xe5,
  0xfc, 0x81, 0x07, 0xf0, 0x0f, 0x0d, 0x06, 0xbf, 0x14, 0x15, 0x2e, 0x04,
  0x56, 0x17, 0xf6, 0x24, 0x1b, 0xce, 0x02, 0x13, 0x1e, 0xe9, 0xfa, 0x19,
  0x2a, 0x0b, 0xe6, 0xfc, 0xe6, 0x55, 0xea, 0xe1, 0xf2, 0xf3, 0xeb, 0x01,
  0xe4, 0xad, 0xec, 0x24, 0x34, 0x57, 0x08, 0x02, 0xd7, 0x32, 0xf1, 0x31,
  0x04, 0xe9, 0x1e, 0x1d, 0x2e, 0xaf, 0xee, 0x04, 0x16, 0xf1, 0x15, 0x19,
  0x97, 0xc0, 0xfc, 0xd7, 0x00, 0xd8, 0x26, 0xed, 0xfb, 0x0f, 0xd9, 0x26,
  0xd6, 0xbf, 0x06, 0x25, 0xe5, 0x22, 0x3a, 0xe4, 0xe9, 0xfd, 0x2f, 0xfb,
  0x13, 0xa3, 0xea, 0x1d, 0xeb, 0xc0, 0xe3, 0x43, 0xb2, 0x99, 0xe5, 0xab,
  0x3d, 0xe6, 0x40, 0xe8, 0x11, 0xeb, 0x1c, 0xf0, 0xa7, 0xd8, 0x21, 0x5f,
  0xf7, 0xef, 0x01, 0x03, 0x19, 0x0e, 0xb9, 0xe9, 0x29, 0x0d, 0xd5, 0x31,
  0xfb, 0x1b, 0xdd, 0x1c, 0x04, 0x36, 0xee, 0x06, 0x02, 0x07, 0xd3, 0xa0,
  0x16, 0x17, 0xa2, 0x23, 0x0d, 0x07, 0xfe, 0xde, 0x2c, 0xee, 0x2b, 0x0c,
  0x14, 0x12, 0xea, 0xca, 0x1a, 0x0d, 0xe6, 0xcf, 0xdf, 0x11, 0xfe, 0x10,
  0x2e, 0x0b, 0x2f, 0x0b, 0x7f, 0x0f, 0xff, 0x0a, 0x18, 0xf5, 0x04, 0xf6,
  0x01, 0x57, 0xbe, 0xd1, 0xb4, 0xff, 0xf5, 0x03, 0xe1, 0xde, 0x20, 0xf2,
  0xff, 0x60, 0x1c, 0xfd, 0xe3, 0xfc, 0xf0, 0x46, 0x07, 0xd1, 0xf5, 0xb1,
  0xd4, 0xd7, 0x30, 0x0e, 0x05, 0xee, 0x04, 0x1b, 0xce, 0x40, 0x2a, 0x09,
  0x07, 0xe5, 0xe1, 0xfb, 0xeb, 0xdc, 0x05, 0x34, 0x1f, 0x25, 0xf0, 0xef,
  0x1b, 0x54, 0xf6, 0x25, 0x08, 0xab, 0xe9, 0xed, 0x4e, 0xe5, 0xf6, 0xfd,
  0xcf, 0x39, 0xba, 0xf3, 0x11, 0x4e, 0xef, 0xf2, 0xd9, 0xd4, 0xff, 0x1b,
  0x6e, 0x38, 0x10, 0xe0, 0x30, 0x4e, 0xe0, 0x24, 0x20, 0x99, 0x38, 0xe7,
  0x4f, 0x6e, 0xf8, 0xbc, 0xec, 0xfc, 0xe7, 0x0b, 0x06, 0x3d, 0xe5, 0x1d,
  0x47, 0x72, 0xd3, 0x21, 0xd6, 0x22, 0xf8, 0x94, 0x7f, 0x19, 0xdd, 0x13,
  0xc5, 0x1b, 0xe7, 0xe9, 0x1e, 0xef, 0xc7, 0xeb, 0x70, 0x6c, 0x17, 0xbd,
  0x11, 0xf5, 0x42, 0xea, 0x9c, 0x19, 0x02, 0x0a, 0x1f, 0xd9, 0x3a, 0xb9,
  0xdc, 0xd4, 0xff, 0x2b, 0xed, 0x1a, 0x29, 0x33, 0x3f, 0xb7, 0x5d, 0x1b,
  0xf5, 0x17, 0x2c, 0x09, 0xe6, 0xf1, 0xab, 0xf6, 0xc9, 0x0d, 0xf4, 0xfa,
  0x07, 0x39, 0x2c, 0x1d, 0x34, 0xfd, 0x1d, 0x34, 0xf0, 0x24, 0x24, 0x13,
  0xcf, 0xee, 0x14, 0xe2, 0xa5, 0xf7, 0x28, 0xfd, 0xc8, 0x35, 0xd8, 0x53,
  0x36, 0x9e, 0x2e, 0x33, 0x37, 0x1f, 0xc5, 0x14, 0xe5, 0xec, 0xe6, 0x07,
  0xff, 0xc8, 0x1b, 0x2f, 0x1d, 0xd2, 0xdf, 0xc3, 0xef, 0xcc, 0x53, 0x42,
  0x39, 0x22, 0x1f, 0x14, 0xee, 0xbf, 0xaf, 0xe6, 0xf7, 0xca, 0x06, 0x13,
  0xcd, 0x07, 0xd3, 0x10, 0xe3, 0x46, 0x0c, 0x16, 0xe8, 0xd1, 0xdd, 0xfe,
  0x0d, 0xb9, 0xf0, 0xb6, 0x06, 0x09, 0xd0, 0xd4, 0xa5, 0x1f, 0x1c, 0x02,
  0x17, 0x00, 0x14, 0x46, 0x1e, 0xf0, 0xfc, 0xf3, 0x0d, 0x21, 0xe5, 0x1b,
  0x95, 0xcb, 0x23, 0xde, 0xe5, 0xe2, 0xfa, 0x07, 0xe1, 0x54, 0x00, 0x2b,
  0xd7, 0xb3, 0xd2, 0x2f, 0x03, 0x1f, 0x41, 0xc4, 0xff, 0xd0, 0x0f, 0x14,
  0xc7, 0xda, 0x06, 0xfe, 0xda, 0xec, 0xd4, 0x5e, 0x81, 0xb2, 0xf5, 0xb7,
  0x1d, 0x05, 0x0b, 0x05, 0x07, 0xf2, 0x21, 0xe8, 0xc4, 0xd5, 0x10, 0x52,
  0x05, 0x16, 0x04, 0x33, 0x29, 0xd3, 0x11, 0x02, 0xfa, 0x23, 0xf4, 0x11,
  0x09, 0x02, 0x29, 0xda, 0xf5, 0xe7, 0x09, 0xea, 0xd3, 0x2a, 0xcc, 0x09,
  0x40, 0xd1, 0xd3, 0x25, 0x2b, 0xdc, 0x0f, 0xe2, 0x1e, 0xf9, 0x0a, 0xf1,
  0xde, 0xca, 0x0b, 0xd6, 0x09, 0xdb, 0xd9, 0x08, 0x10, 0xff, 0xc9, 0xfb,
  0x0a, 0xff, 0xf2, 0x12, 0x36, 0xd6, 0x16, 0x23, 0x16, 0x0e, 0x03, 0xd9,
  0x02, 0x65, 0xf2, 0x07, 0xfe, 0x14, 0x11, 0xd1, 0xf1, 0xef, 0x34, 0x23,
  0xd1, 0xfd, 0x0d, 0xe6, 0x0a, 0xd9, 0x03, 0xec, 0x08, 0xeb, 0xd0, 0xdd,
  0xe2, 0x10, 0xf8, 0x17, 0xf7, 0x1d, 0x42, 0x1d, 0x04, 0x31, 0xf3, 0xd9,
  0x15, 0x0d, 0x20, 0xed, 0xe9, 0xcf, 0xea, 0xf5, 0x03, 0x11, 0xe9, 0x07,
  0xf3, 0xf7, 0x03, 0xe3, 0xe7, 0xe1, 0xfd, 0xeb, 0x37, 0x01, 0x19, 0xe4,
  0xe6, 0x37, 0xf0, 0xcd, 0xbb, 0x20, 0x41, 0x2c, 0x1e, 0xf3, 0xda, 0x32,
  0x3e, 0x03, 0x37, 0x24, 0x24, 0xfa, 0x28, 0x25, 0xe3, 0xe9, 0x2b, 0x06,
  0x36, 0x28, 0xed, 0xd3, 0x18, 0xf8, 0xea, 0x60, 0x2c, 0x48, 0xf1, 0xdb,
  0x35, 0x7f, 0xd7, 0xc8, 0xcc, 0xf3, 0x40, 0xbf, 0x4f, 0x0a, 0x33, 0x0c,
  0xc6, 0x31, 0x17, 0x0f, 0xe9, 0xce, 0x0d, 0x17, 0x4b, 0x2a, 0xf0, 0xf7,
  0xee, 0xd6, 0x35, 0xd9, 0xba, 0xee, 0xe1, 0xe5, 0x11, 0xdc, 0x4d, 0x9f,
  0xda, 0xf1, 0x06, 0x18, 0xd2, 0xec, 0xd6, 0x47, 0xdb, 0xc5, 0x2a, 0x58,
  0xed, 0xe9, 0x15, 0xba, 0xc6, 0x31, 0xba, 0x2e, 0x11, 0xe1, 0xca, 0xe5,
  0x4e, 0x38, 0xd2, 0x35, 0x34, 0x00, 0x41, 0xe7, 0x05, 0xdc, 0x56, 0x2d,
  0xd1, 0xfc, 0x28, 0xd4, 0xd7, 0xd5, 0x17, 0x2a, 0x11, 0x40, 0xcb, 0x02,
  0xe0, 0xdc, 0x08, 0x24, 0x1e, 0xca, 0xb2, 0x32, 0xe4, 0x0e, 0xe8, 0xde,
  0x51, 0xe9, 0x03, 0x31, 0xd5, 0xcb, 0xfd, 0x16, 0x16, 0xdf, 0x39, 0x43,
  0xe2, 0x1b, 0xeb, 0x06, 0xff, 0xbf, 0x1c, 0xec, 0x12, 0xff, 0x14, 0xf2,
  0x25, 0xe2, 0x0c, 0xe4, 0xdc, 0xfc, 0x0d, 0x3d, 0x21, 0xe0, 0xe8, 0xc9,
  0x2c, 0xfc, 0xf3, 0x19, 0xff, 0x1e, 0xd4, 0xe2, 0xe0, 0xe2, 0x33, 0x40,
  0x3f, 0x07, 0x2c, 0x1f, 0x2d, 0xfd, 0xd8, 0xc3, 0xe3, 0x4b, 0x03, 0x32,
  0x2c, 0xb9, 0xe6, 0xc5, 0x27, 0xfa, 0x43, 0x15, 0xfa, 0x57, 0xad, 0x42,
  0x1b, 0xf6, 0xc6, 0x38, 0x4e, 0xda, 0xdc, 0xc2, 0x22, 0xfa, 0xc1, 0x22,
  0x95, 0x88, 0x25, 0x06, 0x31, 0x39, 0xfb, 0x3f, 0xd6, 0xae, 0xd5, 0xc0,
  0x46, 0x27, 0xb1, 0xb6, 0xd6, 0xe2, 0x32, 0x39, 0xac, 0x9b, 0x41, 0x2c,
  0xe1, 0x42, 0x08, 0x51, 0x46, 0x43, 0xfb, 0xfc, 0x0a, 0xff, 0x54, 0x41,
  0x25, 0xf8, 0x42, 0x33, 0xf3, 0x3b, 0xf7, 0xe8, 0xf6, 0xfd, 0xd1, 0xfc,
  0x03, 0xd2, 0x1f, 0x4a, 0x3e, 0xdb, 0x02, 0xa2, 0x2e, 0x20, 0xbe, 0xb7,
  0xc2, 0xa4, 0xe4, 0xf0, 0xd7, 0xe4, 0x07, 0x06, 0x2b, 0x1f, 0xb5, 0x19,
  0x5d, 0xaf, 0x3f, 0xe4, 0xf2, 0x56, 0x01, 0x3d, 0xe8, 0x0a, 0xc9, 0x2f,
  0x56, 0xfe, 0x06, 0x20, 0x56, 0xbb, 0xcb, 0x0d, 0xd7, 0xd3, 0x18, 0x2b,
  0xe1, 0xe7, 0x19, 0x06, 0xf1, 0x4f, 0xed, 0xa8, 0xea, 0x4f, 0x40, 0x81,
  0xe3, 0xb4, 0xaa, 0xcb, 0xdb, 0x1d, 0x3a, 0x3c, 0x00, 0x33, 0xc7, 0xe2,
  0xf7, 0x1b, 0x2e, 0x52, 0x1e, 0xf2, 0xd5, 0xe4, 0x4c, 0x4d, 0x40, 0xc2,
  0xc3, 0x3c, 0x1f, 0x4a, 0xf8, 0xe2, 0xf1, 0xcd, 0x5c, 0xc3, 0x25, 0x28,
  0xed, 0x39, 0x07, 0x06, 0xe7, 0x29, 0xee, 0xd2, 0xef, 0xe6, 0x36, 0x04,
  0x2a, 0x33, 0x11, 0x04, 0x16, 0x1c, 0x15, 0x21, 0x1a, 0xc8, 0x18, 0x08,
  0x3f, 0x4d, 0x06, 0xc8, 0xe7, 0x16, 0xeb, 0x45, 0x08, 0x31, 0x11, 0x19,
  0x3f, 0x2f, 0xfe, 0x11, 0xf7, 0x22, 0x1d, 0x81, 0x53, 0x2e, 0x0c, 0x1a,
  0xfe, 0x19, 0x02, 0x15, 0x15, 0x17, 0x0b, 0xe9, 0x13, 0x31, 0x11, 0xdd,
  0xf1, 0x04, 0xfe, 0xe9, 0xc5, 0x0d, 0xf7, 0xd4, 0xdb, 0xdb, 0xe7, 0xeb,
  0x36, 0x05, 0x0c, 0xec, 0xf3, 0x0c, 0xfb, 0x30, 0xec, 0xcb, 0xf8, 0x03,
  0xee, 0x49, 0x53, 0xc8, 0xd9, 0xed, 0xbb, 0x2e, 0xc1, 0xd6, 0x04, 0x0f,
  0x2b, 0x2b, 0x17, 0x53, 0x04, 0xfe, 0x1f, 0xe0, 0x1b, 0x01, 0x38, 0x11,
  0xe6, 0xf6, 0xd7, 0xdf, 0xd0, 0xf8, 0xed, 0xf9, 0xd1, 0xb8, 0xfb, 0xd3,
  0x08, 0xa1, 0x19, 0x0b, 0xc8, 0xcb, 0xe3, 0x08, 0x10, 0xe9, 0xc3, 0xe5,
  0x30, 0x33, 0xf9, 0xed, 0xc6, 0x18, 0xff, 0x30, 0x08, 0xc6, 0x29, 0x46,
  0xd9, 0xea, 0x39, 0xfe, 0xf4, 0x03, 0xd2, 0xb0, 0xd7, 0xb6, 0xdb, 0xfe,
  0xe5, 0x1b, 0x11, 0xec, 0x29, 0xca, 0x50, 0x25, 0x04, 0xdf, 0x14, 0xd1,
  0xf9, 0x25, 0xb6, 0xc1, 0xfd, 0xc8, 0x11, 0xfa, 0xe4, 0xb1, 0xf8, 0xf1,
  0xe8, 0xf9, 0x16, 0x48, 0xf1, 0xcd, 0xe0, 0x0b, 0x08, 0x0f, 0xcf, 0x05,
  0xc8, 0xb6, 0xea, 0xfd, 0xee, 0xe2, 0x24, 0xf3, 0x22, 0x4d, 0xf1, 0xea,
  0xe7, 0x98, 0x23, 0x58, 0xe4, 0xee, 0x21, 0xc7, 0xe0, 0xc1, 0x1c, 0x0b,
  0xd3, 0xf4, 0xfd, 0xe1, 0x19, 0xdf, 0xcb, 0x78, 0xa0, 0xeb, 0x0e, 0xde,
  0x1d, 0x07, 0x02, 0xca, 0x00, 0xf3, 0x0c, 0xdd, 0xd5, 0x04, 0xf6, 0xfe,
  0x1b, 0x0c, 0xe9, 0xf8, 0x6e, 0x31, 0xf6, 0x5d, 0xf3, 0x04, 0x48, 0xf7,
  0x9e, 0x05, 0xd7, 0xed, 0x04, 0xed, 0xf2, 0xd7, 0xfb, 0x22, 0x08, 0xc2,
  0x07, 0x81, 0x9d, 0x55, 0x15, 0xe8, 0x27, 0xe3, 0x57, 0x2a, 0xeb, 0xe4,
  0xf2, 0xbe, 0x24, 0xdb, 0xe3, 0x27, 0xdb, 0x10, 0xf9, 0x2a, 0xbc, 0xf6,
  0x25, 0x06, 0x5f, 0x1a, 0xfe, 0x3e, 0x20, 0x2c, 0x4d, 0x5a, 0xdc, 0x42,
  0x2f, 0x6a, 0xdd, 0xfb, 0x42, 0x46, 0x19, 0x1b, 0xe9, 0x08, 0x44, 0x2e,
  0xbd, 0xad, 0xfe, 0xf7, 0x41, 0xd7, 0xf9, 0xfa, 0xd4, 0x31, 0xc0, 0xd2,
  0x5f, 0xf7, 0xa7, 0x36, 0xf3, 0xe2, 0x1d, 0x53, 0x5e, 0x6b, 0x0f, 0x03,
  0x3a, 0x1a, 0xe6, 0xee, 0xea, 0x38, 0xc3, 0x95, 0xdc, 0x53, 0xe0, 0x38,
  0xf2, 0xc7, 0x34, 0x6c, 0x27, 0x6f, 0xf2, 0xf9, 0x08, 0x39, 0xda, 0x5d,
  0xe6, 0x1e, 0xeb, 0xd6, 0x1c, 0xc9, 0xe3, 0x0b, 0x2b, 0xf3, 0xce, 0xfc,
  0xb0, 0xdb, 0x26, 0x1b, 0x00, 0x0c, 0x26, 0xd4, 0xc8, 0x04, 0xdf, 0x21,
  0xde, 0xce, 0xd0, 0xcf, 0x25, 0xee, 0x49, 0x14, 0xec, 0xfe, 0x1b, 0x17,
  0xfc, 0x81, 0x10, 0xdc, 0x26, 0xcd, 0x17, 0x62, 0xc6, 0xb5, 0xfb, 0xba,
  0x1a, 0xe5, 0x40, 0x09, 0x14, 0x0f, 0x2a, 0x20, 0xac, 0xb5, 0xdd, 0x50,
  0x23, 0x08, 0xd5, 0x17, 0x21, 0xd3, 0xca, 0xbc, 0x1e, 0xe9, 0xc2, 0x52,
  0x2e, 0xed, 0xf5, 0x08, 0x0a, 0x23, 0xd4, 0x0e, 0xf4, 0x21, 0xdc, 0xef,
  0x06, 0x11, 0xf7, 0x0f, 0x28, 0xc9, 0x17, 0x36, 0xfe, 0x11, 0xe0, 0x04,
  0xe6, 0x2e, 0xe5, 0xfc, 0xef, 0xf4, 0xcc, 0xab, 0xf2, 0xbc, 0xc6, 0xd7,
  0xd2, 0x2a, 0xcc, 0x12, 0x75, 0xf8, 0xfe, 0x28, 0x03, 0xa2, 0xee, 0xde,
  0x09, 0x19, 0xad, 0xec, 0xb6, 0x97, 0xe7, 0xcc, 0x13, 0xf4, 0x1c, 0xd1,
  0xcb, 0x7b, 0x20, 0xe7, 0xf3, 0x0f, 0x23, 0x41, 0xf9, 0xe6, 0xf0, 0x18,
  0x8d, 0xf0, 0x36, 0xd9, 0xc7, 0x51, 0x0c, 0xd0, 0xdb, 0xf1, 0xcf, 0xda,
  0xf1, 0x20, 0x0e, 0x33, 0xff, 0xd2, 0x17, 0x06, 0xf4, 0x1a, 0x30, 0x26,
  0xec, 0x5f, 0xe1, 0xbb, 0xb8, 0xc3, 0x25, 0xf8, 0x50, 0xec, 0x21, 0xac,
  0xe8, 0x29, 0x15, 0xe8, 0x02, 0xeb, 0xeb, 0x19, 0x19, 0x0b, 0xca, 0xd7,
  0xc1, 0xb7, 0x18, 0xeb, 0xe0, 0x0a, 0xf7, 0x0f, 0xf8, 0x20, 0x13, 0xeb,
  0xcc, 0xae, 0xe8, 0x11, 0x14, 0xec, 0x20, 0xeb, 0xdb, 0xab, 0x29, 0xef,
  0xd3, 0xaf, 0xff, 0x24, 0x1c, 0x0d, 0x04, 0x6f, 0x81, 0xb7, 0x17, 0xf6,
  0x11, 0xf6, 0x2c, 0xfa, 0x19, 0x1b, 0x0d, 0x11, 0xa3, 0xdc, 0xdd, 0x52,
  0xeb, 0x15, 0xe7, 0x17, 0x6e, 0x03, 0xfc, 0x24, 0x2b, 0xe5, 0x0f, 0x15,
  0xe8, 0x19, 0xff, 0xf7, 0x25, 0xf0, 0x0d, 0xda, 0xd2, 0x10, 0xe0, 0xb0,
  0x49, 0xe3, 0xb7, 0x09, 0xfb, 0xd6, 0x33, 0xc6, 0x24, 0x45, 0x2d, 0x23,
  0x0a, 0xd4, 0x18, 0xb9, 0xd3, 0x20, 0xec, 0x0a, 0x14, 0xf8, 0xd2, 0xec,
  0x17, 0x10, 0x1c, 0x16, 0x4a, 0x0d, 0x12, 0x00, 0x42, 0xf6, 0xea, 0xd9,
  0x17, 0x3b, 0xd3, 0xcc, 0xe2, 0x30, 0xfd, 0x09, 0x09, 0xf2, 0x2b, 0x2a,
  0xd6, 0x1b, 0xf8, 0xef, 0xff, 0xe5, 0xf4, 0xfa, 0x15, 0xf9, 0xae, 0xb0,
  0xfd, 0x12, 0x17, 0x04, 0x14, 0x25, 0x25, 0x0c, 0x09, 0x22, 0x22, 0xdf,
  0x26, 0xe5, 0xf5, 0x12, 0xfc, 0xfe, 0xc5, 0xe4, 0xf7, 0x57, 0x00, 0x07,
  0x22, 0x13, 0x1c, 0x2a, 0xcb, 0xf0, 0x22, 0xea, 0x27, 0x1c, 0x00, 0xed,
  0xee, 0x30, 0xda, 0xc1, 0xdb, 0xf8, 0x31, 0xbe, 0xea, 0x18, 0xdd, 0x21,
  0x56, 0x6c, 0xf9, 0xd0, 0x3c, 0x2c, 0x3a, 0x1f, 0x3b, 0x82, 0x1f, 0xd5,
  0x7a, 0x29, 0x16, 0xba, 0x08, 0xdc, 0x9e, 0x0c, 0x68, 0x13, 0xdb, 0x21,
  0x55, 0x13, 0x16, 0x0e, 0x45, 0xe0, 0x3a, 0x81, 0x47, 0x12, 0xe7, 0x03,
  0xfd, 0x14, 0x13, 0x4f, 0xd4, 0x35, 0xf6, 0xe4, 0x65, 0x26, 0x05, 0xea,
  0x32, 0xcb, 0xfb, 0xc7, 0xdd, 0xc4, 0x35, 0x20, 0x27, 0xe0, 0x44, 0xe3,
  0x20, 0x2c, 0xd6, 0xde, 0xc7, 0x27, 0xf1, 0x5c, 0xfa, 0x1d, 0x17, 0xfd,
  0xba, 0x38, 0x2f, 0xb4, 0xb6, 0x2b, 0x95, 0xff, 0xb6, 0xa9, 0xc7, 0xdd,
  0xd0, 0xe6, 0x0b, 0x4d, 0x06, 0xf1, 0x3e, 0xe7, 0x0e, 0x1c, 0xed, 0x02,
  0x1c, 0x31, 0xab, 0x1a, 0x03, 0xec, 0xee, 0x24, 0xb6, 0xe5, 0x21, 0x3f,
  0x3e, 0x87, 0x39, 0x04, 0x0b, 0xed, 0xe3, 0xdf, 0xe7, 0xf6, 0xa1, 0xf9,
  0x47, 0x1d, 0xfa, 0x3c, 0xca, 0x25, 0x31, 0x1d, 0x3e, 0xf1, 0xed, 0x7f,
  0x2f, 0xf2, 0x0b, 0xf0, 0xc8, 0xc4, 0xa9, 0xfd, 0x30, 0x02, 0xde, 0xdf,
  0xf4, 0x25, 0x1b, 0xf3, 0xfd, 0xfe, 0x47, 0xe9, 0xd8, 0xec, 0xf3, 0x32,
  0xd4, 0x2c, 0x98, 0xb5, 0xde, 0xdd, 0x14, 0xe5, 0xa5, 0x20, 0xc3, 0xd5,
  0x0d, 0x04, 0xff, 0x36, 0xff, 0x0a, 0xee, 0xf0, 0x13, 0xe6, 0xfe, 0x04,
  0x50, 0x34, 0x13, 0xe1, 0xf5, 0xfb, 0x0a, 0x22, 0x1c, 0xdd, 0x0f, 0xf2,
  0x31, 0x41, 0x06, 0xe1, 0xee, 0x19, 0xcb, 0x3e, 0x27, 0x33, 0xe9, 0xdf,
  0x1b, 0x36, 0xfc, 0xf5, 0x0f, 0x20, 0x26, 0x81, 0x6f, 0x22, 0xfe, 0x16,
  0xdf, 0x22, 0xcc, 0xe1, 0xfe, 0x13, 0x12, 0x00, 0x56, 0x68, 0xfd, 0x98,
  0x13, 0x09, 0xf7, 0xbe, 0xaf, 0x0e, 0x1b, 0xf6, 0x03, 0x0c, 0x0b, 0xc9,
  0xe6, 0xef, 0x13, 0x02, 0x1b, 0xf4, 0xf4, 0x27, 0x16, 0xdf, 0x13, 0x40,
  0xe6, 0xf2, 0x31, 0xfc, 0xee, 0x03, 0xe0, 0x26, 0xd5, 0xec, 0x0b, 0xe2,
  0x1b, 0x10, 0x12, 0x3a, 0x26, 0x02, 0x28, 0xff, 0x01, 0x2b, 0x3e, 0xf7,
  0xe0, 0x1f, 0xf7, 0x08, 0xcd, 0x1e, 0x0a, 0x0b, 0x01, 0x25, 0xdd, 0x40,
  0x18, 0xc1, 0x2b, 0x25, 0x35, 0xf0, 0xfb, 0x0e, 0x18, 0x1b, 0x0f, 0xcf,
  0x0c, 0xd8, 0xf6, 0x1c, 0x21, 0x21, 0xe5, 0xf0, 0x1d, 0x02, 0x3d, 0x32,
  0x21, 0xe0, 0xe9, 0x18, 0xed, 0xd0, 0xe1, 0x0b, 0xf5, 0xb9, 0x0c, 0xff,
  0x11, 0xf0, 0x11, 0xe6, 0x00, 0x37, 0x17, 0x1a, 0xf0, 0xfb, 0x18, 0xfc,
  0xe5, 0xd3, 0xf3, 0xd0, 0x2f, 0x0e, 0x1d, 0xf9, 0xb7, 0x18, 0xf4, 0x18,
  0xef, 0xc7, 0x14, 0x24, 0xf6, 0x16, 0x12, 0x25, 0xe8, 0xf6, 0x04, 0xfd,
  0x7b, 0x45, 0x0a, 0xe5, 0xf7, 0x15, 0xfc, 0x1a, 0x12, 0xec, 0x11, 0xc2,
  0x3c, 0x05, 0x1e, 0x04, 0xfa, 0x06, 0x98, 0x0a, 0x30, 0x0e, 0x1b, 0xfe,
  0xfa, 0x6e, 0x0f, 0xda, 0x06, 0x01, 0x22, 0xb7, 0x43, 0x37, 0x20, 0x2e,
  0x04, 0x15, 0xcf, 0xf8, 0x0f, 0xe6, 0x01, 0xe5, 0x53, 0x64, 0x0e, 0xc5,
  0xf4, 0xeb, 0x25, 0xe5, 0xf1, 0x13, 0x31, 0x3d, 0x0b, 0x14, 0x31, 0xe1,
  0xb5, 0xff, 0xdf, 0xfd, 0xf8, 0xd6, 0xf7, 0xe2, 0x20, 0xee, 0x29, 0x2e,
  0xe6, 0xee, 0xf8, 0x31, 0xe5, 0x1e, 0x00, 0xe1, 0xe3, 0x0a, 0x18, 0x0c,
  0xf8, 0xd4, 0xfa, 0xfd, 0xfb, 0x29, 0x36, 0x37, 0xdc, 0x16, 0x14, 0x20,
  0x14, 0xef, 0x31, 0xf9, 0xb7, 0x35, 0x07, 0x1a, 0xef, 0x4f, 0xe8, 0x62,
  0x11, 0xc2, 0x34, 0xf8, 0x6e, 0x2f, 0xf4, 0x13, 0xf0, 0x2e, 0x2e, 0xec,
  0x1a, 0x94, 0xff, 0xfc, 0x39, 0xf1, 0x04, 0xe9, 0xe3, 0x29, 0x2d, 0xef,
  0x7f, 0x32, 0xd1, 0x2b, 0x1d, 0xd2, 0xe8, 0x33, 0x5d, 0xda, 0x09, 0xfc,
  0x34, 0xfb, 0xf3, 0xdf, 0xf8, 0x50, 0x0e, 0xd5, 0xea, 0xf7, 0xec, 0xf4,
  0x02, 0x8d, 0xf5, 0x11, 0x36, 0x4b, 0x12, 0x05, 0xcc, 0x55, 0xfe, 0x54,
  0x16, 0xec, 0x04, 0x12, 0xf2, 0xf2, 0x23, 0xfc, 0xf3, 0x04, 0x00, 0xd3,
  0x6f, 0x46, 0x02, 0xff, 0x03, 0x3c, 0x1a, 0xe7, 0x21, 0xcf, 0xed, 0xf6,
  0x36, 0x16, 0xef, 0x26, 0xf8, 0xd1, 0xaa, 0xdf, 0x3b, 0xe7, 0x11, 0x0d,
  0x1a, 0x67, 0xdc, 0x19, 0x18, 0x23, 0x29, 0xe2, 0x21, 0x32, 0x13, 0x0d,
  0x0d, 0x1b, 0xcc, 0xd1, 0x28, 0xf5, 0x18, 0x13, 0x55, 0x6e, 0x18, 0xce,
  0xfd, 0xee, 0x0b, 0xec, 0xcd, 0x11, 0x21, 0x11, 0x0d, 0xfc, 0x3a, 0xd6,
  0xbf, 0xf6, 0xed, 0xf6, 0x0a, 0xce, 0x20, 0x09, 0x25, 0xed, 0x39, 0x0c,
  0xc1, 0xba, 0x07, 0x24, 0xde, 0x0f, 0xfc, 0xd3, 0x05, 0xf7, 0x22, 0xef,
  0x12, 0xdb, 0xf2, 0xdd, 0x14, 0x15, 0x3b, 0x3e, 0x02, 0x35, 0x06, 0x27,
  0x24, 0xe1, 0x3e, 0xf2, 0x8f, 0x3d, 0xe0, 0x25, 0x14, 0x7f, 0xe5, 0x58,
  0x08, 0xef, 0x25, 0xf9, 0x4c, 0x4f, 0x0d, 0x40, 0xfb, 0x26, 0x39, 0xea,
  0xec, 0x87, 0xf2, 0x15, 0x3b, 0xdb, 0x1b, 0xc6, 0xf8, 0x1b, 0x2a, 0xf1,
  0x60, 0xfd, 0xb7, 0x1a, 0x0d, 0xcc, 0xe7, 0x42, 0x23, 0xe8, 0x26, 0xf6,
  0x1c, 0xe0, 0x1f, 0x11, 0xf5, 0x29, 0xcb, 0xee, 0xfb, 0x23, 0xd8, 0xff,
  0xf3, 0xc8, 0x2a, 0x06, 0xff, 0x2c, 0xf2, 0x04, 0xb9, 0x36, 0xf0, 0x60,
  0x03, 0xf5, 0x32, 0x0e, 0xeb, 0x1b, 0x0d, 0xfb, 0xe7, 0x08, 0x28, 0x01,
  0x40, 0x35, 0x02, 0xfe, 0x07, 0xfb, 0x02, 0xf7, 0xf7, 0xe0, 0x11, 0xe5,
  0x3c, 0x1f, 0x0e, 0xda, 0x04, 0x0b, 0xee, 0x32, 0x13, 0x2c, 0xfc, 0xfc,
  0x2b, 0x1b, 0xf5, 0x00, 0xfa, 0x0e, 0xfb, 0x81, 0x45, 0x2f, 0xfc, 0x0f,
  0x02, 0x07, 0xe6, 0x0b, 0x00, 0xeb, 0xec, 0xff, 0x2b, 0x0d, 0x11, 0xe7,
  0x03, 0xf2, 0x1c, 0xd4, 0xb1, 0xfb, 0xfa, 0xee, 0xfe, 0xe4, 0xfa, 0x01,
  0x16, 0xff, 0x11, 0xee, 0x03, 0x28, 0x12, 0x07, 0x08, 0xdc, 0x26, 0x1c,
  0xfd, 0x25, 0x37, 0xe9, 0xec, 0x12, 0xf0, 0x16, 0xc7, 0xe4, 0xf5, 0xeb,
  0x1a, 0x09, 0x0d, 0x25, 0x01, 0xe8, 0x12, 0x05, 0x11, 0xfb, 0x20, 0x16,
  0xe2, 0x0c, 0xc9, 0x04, 0xd8, 0x06, 0xec, 0xfe, 0xd8, 0xf6, 0x14, 0xee,
  0x08, 0xc8, 0x29, 0x1f, 0xea, 0xcd, 0xe7, 0x0d, 0x00, 0x0b, 0xf5, 0xd8,
  0x15, 0x03, 0x0a, 0x01, 0xe2, 0x07, 0xfa, 0x13, 0x07, 0xe9, 0x18, 0x32,
  0xfa, 0xed, 0x00, 0xec, 0x01, 0x06, 0xf2, 0xd9, 0xef, 0xbb, 0xea, 0x11,
  0xf5, 0x15, 0xfe, 0xef, 0x18, 0xf2, 0x3b, 0x25, 0xf0, 0xbd, 0x0f, 0xe1,
  0x0d, 0xfa, 0xe5, 0xcb, 0x0b, 0xed, 0x09, 0xf4, 0xf8, 0xf2, 0xf2, 0xdf,
  0x0f, 0xf7, 0x1f, 0x3c, 0x0a, 0xf6, 0x17, 0x02, 0x06, 0xc7, 0xec, 0x08,
  0x32, 0x19, 0xed, 0x22, 0xe5, 0x25, 0x14, 0xec, 0xf6, 0x04, 0xf8, 0xf2,
  0x0a, 0x15, 0x26, 0x15, 0xe1, 0x09, 0xc7, 0xf0, 0x1e, 0x1e, 0xdc, 0xed,
  0xeb, 0x5f, 0x16, 0xf7, 0xe5, 0x14, 0x06, 0xe1, 0x43, 0x0a, 0x20, 0x09,
  0xee, 0x32, 0xc7, 0x14, 0xfb, 0xea, 0xeb, 0xf7, 0x2b, 0x4c, 0xf3, 0xb9,
  0x1c, 0xe5, 0x31, 0xbd, 0xbd, 0xf0, 0x11, 0x13, 0xcf, 0x03, 0x38, 0xce,
  0xc3, 0xfb, 0xfc, 0xf1, 0xee, 0xda, 0x15, 0x18, 0xf0, 0xdb, 0x43, 0x31,
  0xdf, 0xe6, 0x21, 0x30, 0x1f, 0x24, 0xd7, 0xdc, 0xc3, 0x17, 0xe2, 0xf6,
  0xec, 0xea, 0x1f, 0x1e, 0x13, 0x12, 0x39, 0x2b, 0x02, 0x18, 0x2f, 0x23,
  0x26, 0x04, 0x17, 0xf7, 0xcb, 0x26, 0x0a, 0x1a, 0xe5, 0x63, 0xed, 0x32,
  0xf1, 0xbc, 0x24, 0xfb, 0x58, 0x25, 0xd0, 0x29, 0xd9, 0x11, 0xf6, 0x18,
  0x1a, 0x81, 0xfd, 0xf9, 0x2e, 0xfb, 0xe6, 0xbc, 0xfd, 0x3b, 0x1f, 0x31,
  0x2e, 0x12, 0x04, 0x05, 0x0f, 0xc0, 0x13, 0x2c, 0x2e, 0xde, 0xf4, 0x04,
  0x3a, 0xf4, 0x00, 0xf5, 0xf5, 0x4d, 0xd7, 0xe0, 0xea, 0xd9, 0xf9, 0xfe,
  0xf2, 0xbc, 0xe2, 0x15, 0x39, 0x19, 0x25, 0xe5, 0xd4, 0x43, 0xf4, 0x42,
  0x23, 0xc8, 0xff, 0x25, 0x1b, 0xdd, 0xec, 0xff, 0x06, 0xf2, 0xcc, 0xe9,
  0xb2, 0xd2, 0x02, 0xf1, 0xd9, 0x06, 0x0e, 0xe3, 0xe8, 0x5b, 0xf8, 0x05,
  0xad, 0xb5, 0xe4, 0x0c, 0xf6, 0x13, 0x1e, 0xee, 0xd2, 0xd5, 0x04, 0x1b,
  0xfa, 0xce, 0xfc, 0xf8, 0x1b, 0xd9, 0xe0, 0x7f, 0x9e, 0xe5, 0xe3, 0xf4,
  0xfb, 0xf7, 0x08, 0x12, 0xde, 0x01, 0x00, 0xf7, 0xf0, 0xaf, 0x01, 0x45,
  0x0d, 0x11, 0xf9, 0x07, 0x3a, 0x1d, 0xe5, 0xf8, 0x02, 0x1d, 0xe2, 0xf5,
  0x12, 0xe6, 0xe2, 0xde, 0x10, 0x02, 0xe6, 0xdf, 0x13, 0x19, 0xee, 0xe3,
  0x3a, 0xc7, 0x9f, 0x30, 0x02, 0xdb, 0x46, 0xfd, 0x31, 0x0b, 0xf9, 0xe5,
  0xfb, 0xee, 0x08, 0xc9, 0xf3, 0xe5, 0xd9, 0x23, 0x17, 0xed, 0xda, 0xd5,
  0x05, 0x10, 0x1d, 0x01, 0x5f, 0xf4, 0x18, 0xe3, 0x1b, 0x1b, 0x04, 0xf4,
  0xfb, 0x37, 0xdb, 0xff, 0x1a, 0x29, 0x02, 0xfd, 0x06, 0x05, 0x32, 0x01,
  0xc8, 0x0c, 0xf8, 0xee, 0x15, 0x18, 0x14, 0x0f, 0x0a, 0x12, 0xc3, 0xca,
  0xff, 0xed, 0xf7, 0x02, 0xef, 0xf9, 0x19, 0x05, 0x03, 0x4b, 0x0f, 0xf9,
  0x2f, 0x15, 0xeb, 0xf2, 0x1c, 0xff, 0xf1, 0xe3, 0x07, 0x07, 0xeb, 0x2e,
  0x01, 0x27, 0x0b, 0x27, 0xd5, 0xe9, 0x0e, 0x0f, 0x39, 0x14, 0xf0, 0x10,
  0xf9, 0x20, 0xc4, 0xc4, 0x46, 0xe1, 0x20, 0x19, 0x02, 0x19, 0x12, 0xf4,
  0xaa, 0x4d, 0x25, 0xea, 0xf6, 0x2d, 0x5e, 0x27, 0x28, 0x0a, 0xe2, 0x0a,
  0xb9, 0xe1, 0x34, 0xdb, 0xae, 0x4d, 0x43, 0x4d, 0xa2, 0x09, 0xcd, 0x54,
  0x38, 0x96, 0x0f, 0x14, 0xd4, 0xef, 0xf6, 0x7d, 0xf6, 0x94, 0xf6, 0x3a,
  0x67, 0x3f, 0x31, 0xdd, 0x60, 0xeb, 0x56, 0x99, 0x39, 0x1d, 0x21, 0xca,
  0x1e, 0x04, 0x25, 0x54, 0x17, 0xed, 0x4d, 0x00, 0x3c, 0x57, 0x74, 0x8c,
  0xb6, 0x65, 0xd6, 0xdd, 0x01, 0x2b, 0x5e, 0x08, 0xc9, 0x54, 0x03, 0x19,
  0x32, 0xc6, 0x8c, 0xf6, 0xbf, 0x06, 0x1d, 0x25, 0x3b, 0xca, 0x64, 0xfb,
  0xb2, 0x3d, 0xc8, 0x94, 0x46, 0xbe, 0x2b, 0xb7, 0xb2, 0xfc, 0x68, 0xff,
  0x98, 0x3e, 0x7c, 0xd6, 0xae, 0x6a, 0x33, 0xad, 0x31, 0xc4, 0x1c, 0x2b,
  0xee, 0x06, 0xa9, 0xb4, 0x0a, 0x42, 0x26, 0xfb, 0xf9, 0xea, 0x01, 0x54,
  0xf7, 0xd0, 0xb4, 0x38, 0xa4, 0xb7, 0x64, 0x21, 0x33, 0x7f, 0x57, 0x33,
  0xc7, 0xe2, 0xb6, 0x0d, 0x08, 0xe8, 0xe8, 0xe9, 0x40, 0xbb, 0x50, 0x39,
  0x12, 0x2b, 0x2f, 0x55, 0xd9, 0x6e, 0xe1, 0xdd, 0x2d, 0x65, 0x9e, 0x01,
  0xb4, 0xf5, 0xf6, 0x0b, 0x4d, 0xbc, 0x01, 0x11, 0x32, 0xd2, 0xfe, 0x1a,
  0xb2, 0x10, 0x61, 0xbc, 0x06, 0x03, 0xfa, 0x14, 0xf5, 0xe6, 0x1a, 0x0f,
  0x10, 0x05, 0xda, 0xf4, 0x06, 0x22, 0xf5, 0xf0, 0x0d, 0x07, 0x1d, 0xc7,
  0xe8, 0x19, 0xe6, 0x21, 0xf9, 0xed, 0xe8, 0xd1, 0x28, 0x19, 0xf6, 0x01,
  0x0e, 0x4b, 0x0e, 0xe3, 0xef, 0x13, 0x22, 0x0a, 0x46, 0x32, 0x2a, 0x27,
  0xf1, 0x36, 0xed, 0xd8, 0x1b, 0xdc, 0x0d, 0xe6, 0x51, 0x57, 0xe4, 0xca,
  0x0d, 0x02, 0xf3, 0xe9, 0x02, 0x00, 0x19, 0x35, 0xf8, 0x0f, 0x3f, 0xdc,
  0xbe, 0x24, 0x00, 0x0a, 0x12, 0xfe, 0xff, 0x01, 0x2e, 0x04, 0x22, 0xe5,
  0xcf, 0xc9, 0x09, 0x0f, 0xeb, 0x11, 0xef, 0xf5, 0xe9, 0x22, 0x1c, 0x12,
  0xd9, 0xeb, 0x05, 0xeb, 0x1d, 0x0d, 0x22, 0x21, 0xd0, 0x33, 0x27, 0x0d,
  0x22, 0x20, 0x04, 0x17, 0xcd, 0x00, 0x29, 0xe0, 0xe9, 0x73, 0x26, 0x3e,
  0x1e, 0xd8, 0x33, 0x05, 0x7f, 0x3c, 0x04, 0xfe, 0xd8, 0x0d, 0x3c, 0x24,
  0x16, 0x90, 0xfe, 0x05, 0x27, 0xf7, 0xec, 0xae, 0xe2, 0x28, 0x3e, 0x13,
  0x6d, 0xf2, 0xb9, 0x23, 0x13, 0xb8, 0x26, 0x1c, 0x34, 0x24, 0x24, 0x1c,
  0x3a, 0x19, 0x24, 0xfa, 0xc8, 0x56, 0xe7, 0xe7, 0x03, 0x29, 0xea, 0xe2,
  0xf5, 0xd0, 0x34, 0x44, 0x19, 0x44, 0xe3, 0xe7, 0xcb, 0x39, 0x09, 0x59,
  0x10, 0xcd, 0xed, 0x0c, 0x2c, 0xc4, 0xd9, 0xf8, 0xf2, 0x12, 0xdb, 0x1d,
  0x95, 0xa7, 0x20, 0x05, 0x23, 0xd2, 0x03, 0xe4, 0xfc, 0x40, 0xf3, 0x15,
  0xcc, 0xd1, 0x02, 0xdb, 0x16, 0x25, 0x3c, 0xde, 0xd7, 0xed, 0x11, 0x13,
  0xe8, 0x99, 0x0c, 0x07, 0xe3, 0xd1, 0x0e, 0x7f, 0x92, 0xae, 0xf9, 0xd4,
  0x1c, 0xe6, 0x36, 0xf8, 0x04, 0x21, 0xfd, 0xf6, 0x93, 0xa3, 0x1d, 0x4c,
  0x0e, 0x04, 0xd6, 0x1f, 0x32, 0xfe, 0xd3, 0xdb, 0x29, 0xe5, 0xb3, 0x19,
  0x2f, 0xf4, 0x09, 0x0f, 0x06, 0x17, 0xf1, 0x0d, 0xf7, 0xf1, 0xb9, 0xb9,
  0x36, 0xfd, 0xc6, 0x10, 0xee, 0xdb, 0x08, 0x28, 0x25, 0x2a, 0xfc, 0xf1,
  0xe6, 0x06, 0xf9, 0xde, 0xec, 0x04, 0xc7, 0xef, 0xf7, 0xc9, 0xc6, 0x01,
  0x12, 0xe8, 0x0b, 0xe3, 0x50, 0xf4, 0x08, 0x05, 0x0a, 0xa4, 0xf5, 0xc8,
  0xe1, 0x38, 0xb2, 0xdf, 0xca, 0xdf, 0x1f, 0xd5, 0x1d, 0xe7, 0xe7, 0xfe,
  0xcf, 0x61, 0x13, 0xfd, 0xee, 0x04, 0x1c, 0x40, 0xfd, 0xf9, 0xb0, 0xfa,
  0x9c, 0xe6, 0x2a, 0xdd, 0xf7, 0x2f, 0x13, 0xfd, 0xdb, 0x28, 0x18, 0xee,
  0xcb, 0x07, 0x1e, 0x15, 0x20, 0xbf, 0xe9, 0x03, 0x18, 0x0a, 0x04, 0xf8,
  0x0f, 0x54, 0x17, 0xd2, 0xd7, 0xd8, 0x02, 0xf9, 0x1a, 0xd8, 0xeb, 0xcd,
  0xfe, 0x0a, 0xe8, 0xd7, 0x1e, 0x18, 0x2b, 0xc0, 0x07, 0x2e, 0x57, 0x47,
  0xfa, 0x68, 0xd7, 0xfa, 0x20, 0x29, 0xd9, 0x0d, 0xec, 0xc3, 0xfd, 0x10,
  0x29, 0x7f, 0xd6, 0xe7, 0xc7, 0xfa, 0x13, 0x4c, 0x2e, 0x38, 0x22, 0x17,
  0x4a, 0x40, 0xf2, 0x27, 0x17, 0x11, 0x1a, 0x93, 0x43, 0x2d, 0xe2, 0x15,
  0xd9, 0x21, 0xe4, 0xf7, 0x22, 0x14, 0x13, 0x00, 0x39, 0xf1, 0xe2, 0xf8,
  0x17, 0x08, 0x39, 0x03, 0x8f, 0xe0, 0x02, 0xab, 0xee, 0xd0, 0xf3, 0x33,
  0x4a, 0xdc, 0xd2, 0xf3, 0xd1, 0x01, 0x20, 0x14, 0xd9, 0xd4, 0xd6, 0xf8,
  0xd0, 0x72, 0x65, 0x9a, 0xc6, 0xf7, 0xf0, 0x32, 0xa0, 0xbb, 0xcc, 0x29,
  0x02, 0x47, 0xf8, 0x1f, 0xe9, 0xcd, 0x45, 0xd3, 0x0b, 0x03, 0x30, 0x20,
  0xce, 0xf4, 0xdf, 0xdf, 0xdc, 0xdd, 0x0e, 0xd5, 0xed, 0x9b, 0xf6, 0xc2,
  0xd9, 0x8c, 0xd7, 0xf9, 0xac, 0xbf, 0xd3, 0x03, 0x08, 0xd9, 0xb8, 0xf4,
  0x62, 0x36, 0xe9, 0x03, 0xc3, 0x18, 0x2c, 0x05, 0x18, 0xaf, 0x02, 0x39,
  0xcf, 0xd6, 0x5c, 0xf1, 0xb5, 0xf1, 0xea, 0xbb, 0xc8, 0xab, 0xec, 0x0a,
  0xa2, 0x0d, 0x1a, 0xdc, 0xfd, 0xdf, 0x6d, 0x42, 0x1f, 0x93, 0x10, 0xc5,
  0xff, 0x56, 0xa9, 0xe0, 0x00, 0x8f, 0x24, 0xf1, 0xd4, 0x99, 0xe0, 0xbe,
  0xf7, 0x14, 0x2f, 0x71, 0xda, 0x0e, 0x02, 0xdb, 0x11, 0xf0, 0x15, 0x0f,
  0x56, 0x32, 0xef, 0xe9, 0x0a, 0xfb, 0xfd, 0x1a, 0x15, 0xcc, 0x13, 0xd6,
  0x36, 0x36, 0x22, 0xd5, 0x0d, 0x0e, 0xb9, 0x18, 0x39, 0x49, 0xf9, 0x14,
  0x2f, 0x54, 0x19, 0x0b, 0xee, 0xfc, 0x0d, 0x81, 0x59, 0x44, 0x18, 0x34,
  0xfe, 0x19, 0xe7, 0x18, 0x03, 0xea, 0x02, 0xf2, 0x27, 0x43, 0xea, 0xc0,
  0x14, 0xfc, 0x2a, 0xd7, 0xce, 0xfa, 0x05, 0x00, 0xee, 0x1b, 0x33, 0xc9,
  0x08, 0x06, 0x15, 0xe8, 0x09, 0x1f, 0x0c, 0x1a, 0x24, 0xf0, 0x3e, 0x33,
  0xe5, 0x24, 0x62, 0xcf, 0xfd, 0x0f, 0xd5, 0x09, 0xd4, 0xcc, 0x02, 0xec,
  0x08, 0x15, 0xec, 0x38, 0x20, 0xfb, 0x28, 0x14, 0xed, 0x16, 0x40, 0x14,
  0xf2, 0x02, 0xce, 0xf3, 0xa3, 0x06, 0xeb, 0xfe, 0xd3, 0x0d, 0xeb, 0x1d,
  0xf6, 0xa8, 0x17, 0xfa, 0x12, 0x02, 0xfd, 0xfb, 0xf3, 0xf3, 0xe0, 0xd9,
  0x1b, 0xfb, 0xfb, 0x1a, 0x02, 0x04, 0xfb, 0xff, 0x08, 0xfc, 0x1e, 0x3f,
  0x24, 0x12, 0x02, 0x02, 0xde, 0x08, 0xe3, 0xf4, 0xec, 0xb0, 0xf3, 0xf8,
  0xf1, 0x0d, 0x0c, 0xeb, 0xe5, 0x29, 0x23, 0x1a, 0xf5, 0xd3, 0x15, 0xed,
  0xea, 0xff, 0xbd, 0xe8, 0x0d, 0x17, 0xe7, 0xee, 0xc3, 0xf2, 0x14, 0x26,
  0x0a, 0xd1, 0x1d, 0x42, 0xef, 0x0b, 0xfe, 0xf0, 0xeb, 0x04, 0x33, 0x09,
  0x18, 0x45, 0x01, 0xe9, 0x1b, 0xf0, 0x0c, 0x10, 0xfd, 0xdb, 0xee, 0xf2,
  0x22, 0x2e, 0x00, 0xd5, 0xfd, 0xfd, 0x02, 0x54, 0x2a, 0x35, 0xf1, 0x05,
  0x3c, 0x2c, 0x14, 0xe3, 0xfe, 0xf9, 0x1f, 0x81, 0x69, 0x3a, 0xe3, 0x1f,
  0xd9, 0x0a, 0xe7, 0x06, 0x06, 0xf8, 0xf7, 0xf2, 0x11, 0x2a, 0x18, 0xbf,
  0xe9, 0xfa, 0xfb, 0xe0, 0xc1, 0xe3, 0xed, 0xf0, 0xef, 0x08, 0x08, 0x04,
  0x2c, 0x18, 0x0f, 0x13, 0x04, 0x14, 0xeb, 0x25, 0x14, 0xc9, 0x09, 0x14,
  0xe3, 0x3e, 0x4c, 0xb8, 0x0a, 0xe7, 0xe3, 0x3c, 0xd3, 0xd3, 0x0b, 0x01,
  0x15, 0x32, 0x0f, 0x2f, 0x11, 0xd4, 0x25, 0xf2, 0x05, 0x05, 0x10, 0xfd,
  0xdc, 0x1d, 0xb4, 0xde, 0xe2, 0xf8, 0xee, 0x10, 0xdf, 0xc1, 0xef, 0xec,
  0x03, 0xa9, 0xf9, 0x1d, 0xe1, 0xc1, 0x04, 0x07, 0x06, 0x04, 0xdb, 0xd6,
  0x3b, 0x49, 0xf6, 0x09, 0xf1, 0x00, 0xf2, 0x12, 0x17, 0xbb, 0x1b, 0x44,
  0xb9, 0xe0, 0x2f, 0xd0, 0xd4, 0x0f, 0xe6, 0xb1, 0xca, 0xc4, 0x07, 0xf5,
  0xd4, 0xf3, 0xf6, 0x00, 0x11, 0xe4, 0x3c, 0x35, 0x0a, 0xb6, 0x1f, 0xe9,
  0xf8, 0x16, 0xba, 0xbd, 0x1e, 0xe6, 0xee, 0xfa, 0x00, 0xe2, 0xfb, 0xc8,
  0xfb, 0xfa, 0x12, 0x28, 0xfa, 0xfa, 0x1c, 0x0c, 0xe9, 0xf7, 0xec, 0xd4,
  0xe7, 0xed, 0xe2, 0xeb, 0xd6, 0xe7, 0xef, 0x0a, 0xe8, 0x45, 0xeb, 0x0a,
  0xdf, 0xdc, 0x20, 0x15, 0xe9, 0xd8, 0xf1, 0xaf, 0xe3, 0xad, 0x10, 0x13,
  0xde, 0xd9, 0xfe, 0xed, 0x12, 0xf7, 0x08, 0x57, 0xa4, 0xe9, 0x32, 0xfd,
  0xed, 0xd4, 0x15, 0xc8, 0x13, 0x0d, 0xf4, 0xf0, 0x00, 0xfd, 0x07, 0x22,
  0x13, 0xea, 0xfe, 0x21, 0x59, 0x07, 0x08, 0x49, 0x0c, 0x3a, 0x07, 0xe1,
  0xc8, 0xf2, 0xf0, 0x16, 0x26, 0xf4, 0xee, 0xbf, 0xf7, 0x36, 0xf4, 0x0c,
  0x2a, 0xa4, 0x9a, 0x3d, 0x18, 0x13, 0x1f, 0xc9, 0x28, 0x48, 0x1b, 0xf5,
  0xe1, 0xee, 0xe8, 0xdf, 0x1c, 0x27, 0xd9, 0x33, 0xc3, 0x30, 0xf7, 0x15,
  0xf8, 0x11, 0x66, 0x2a, 0x11, 0x33, 0x0c, 0xe6, 0x30, 0x40, 0x14, 0x32,
  0x18, 0x51, 0x0b, 0xd1, 0x61, 0x63, 0x20, 0x0c, 0x15, 0x2c, 0x25, 0x30,
  0xce, 0x81, 0x01, 0xed, 0x22, 0xe2, 0xf5, 0xc5, 0xde, 0x46, 0xfa, 0xc4,
  0x33, 0x1c, 0xd9, 0x2d, 0x1f, 0xd0, 0x0f, 0x59, 0x60, 0x56, 0x2c, 0x1e,
  0x46, 0x04, 0x04, 0x02, 0xec, 0x1a, 0xda, 0xc6, 0xcf, 0x16, 0xce, 0xf6,
  0xfc, 0xb0, 0x39, 0x1c, 0x08, 0x63, 0xe5, 0xe1, 0xdb, 0x58, 0xe7, 0x53,
  0xe9, 0xf9, 0xba, 0xb5, 0xe5, 0xca, 0x22, 0x30, 0x2d, 0x2d, 0xdc, 0xd5,
  0xc2, 0x91, 0x09, 0x0f, 0xe0, 0x16, 0x28, 0xd5, 0x1f, 0x2f, 0xfa, 0xfd,
  0x9b, 0x90, 0x1a, 0x1d, 0x1c, 0x02, 0x49, 0xb8, 0xd4, 0xaa, 0xf2, 0x28,
  0xaf, 0xe5, 0xea, 0x1c, 0xf7, 0xfa, 0xfa, 0x78, 0xa8, 0xaa, 0x13, 0xf4,
  0x34, 0xc5, 0x13, 0x07, 0xf4, 0x2b, 0x36, 0xe2, 0xcb, 0xc4, 0x17, 0x4d,
  0xfb, 0x00, 0xc6, 0x37, 0x7f, 0xf3, 0x28, 0x53, 0xed, 0xfb, 0x04, 0xfb,
  0xcf, 0xe2, 0x2a, 0x05, 0xed, 0xc4, 0xfa, 0xb6, 0xfd, 0x08, 0xc7, 0xcc,
  0x4b, 0xbf, 0x83, 0x53, 0x03, 0xdf, 0x55, 0xee, 0x29, 0x29, 0x2c, 0x23,
  0xf0, 0xce, 0x16, 0xd3, 0x0a, 0xf0, 0xbf, 0x17, 0xe1, 0xff, 0xc0, 0xcf,
  0x33, 0xe5, 0x2a, 0xf9, 0x6a, 0x01, 0x13, 0x23, 0x4d, 0x1f, 0xef, 0xe9,
  0x25, 0x40, 0x03, 0x05, 0x29, 0x4b, 0xfc, 0xf6, 0x12, 0xe7, 0x0e, 0x2b,
  0xe8, 0xc7, 0xea, 0x01, 0x47, 0xcb, 0x2f, 0xfc, 0xf3, 0x29, 0xc7, 0xd8,
  0x12, 0x2b, 0xc8, 0xf7, 0xf2, 0x09, 0x25, 0x53, 0x49, 0x4a, 0x27, 0x08,
  0x05, 0xf0, 0xe8, 0xed, 0xfa, 0x03, 0xa3, 0xd3, 0xfd, 0x4d, 0x0e, 0x18,
  0xf8, 0xff, 0x6d, 0x31, 0xda, 0x1a, 0xe5, 0xfe, 0x17, 0x54, 0x15, 0x32,
  0x1a, 0x2b, 0xaf, 0x9b, 0x40, 0xec, 0x1d, 0xf4, 0x12, 0x16, 0x06, 0x15,
  0xbb, 0xe2, 0x19, 0xe9, 0x1e, 0xf0, 0x27, 0x13, 0x0a, 0x49, 0x14, 0xff,
  0xbe, 0xa6, 0xf5, 0x32, 0x2c, 0x14, 0x61, 0x0c, 0xb6, 0xcb, 0x36, 0xfa,
  0x17, 0x81, 0xfc, 0xfb, 0xde, 0x0c, 0x22, 0x66, 0xab, 0xa4, 0xbf, 0xfa,
  0x29, 0x05, 0x0e, 0xd8, 0x1b, 0x10, 0x2a, 0x07, 0xa7, 0xdd, 0x1e, 0x34,
  0xff, 0xd8, 0xc7, 0x2c, 0x37, 0xc8, 0xb0, 0x1b, 0xfb, 0x0f, 0xeb, 0x45,
  0xf6, 0x2a, 0x0c, 0xe0, 0x1c, 0x12, 0x34, 0xf3, 0x0c, 0xe5, 0xd6, 0xb9,
  0x42, 0x0f, 0x9c, 0x2f, 0xfa, 0xed, 0x23, 0x28, 0x24, 0x40, 0x05, 0x17,
  0xea, 0xc9, 0x00, 0xd1, 0xe5, 0xd7, 0xbd, 0x03, 0x04, 0xea, 0xcb, 0xec,
  0x00, 0x21, 0x17, 0xd8, 0x3d, 0xc8, 0xe7, 0x18, 0x26, 0xe4, 0x19, 0xc1,
  0xc0, 0x61, 0xcc, 0xe6, 0x9e, 0xde, 0x07, 0xb5, 0xfa, 0xeb, 0xd3, 0x30,
  0xf2, 0x6e, 0x32, 0xe8, 0x16, 0x32, 0xfb, 0x27, 0xf2, 0xea, 0xb8, 0xc4,
  0xa1, 0x17, 0x02, 0xed, 0xf0, 0x21, 0x21, 0x1d, 0xe6, 0x57, 0xd8, 0x28,
  0xda, 0x28, 0xd8, 0xda, 0x01, 0xc6, 0x16, 0xf0, 0x03, 0x11, 0xf9, 0xf1,
  0xde, 0x13, 0x49, 0x01, 0x18, 0xff, 0xcf, 0x22, 0xfd, 0xbd, 0xe9, 0xf5,
  0xeb, 0xf5, 0xf2, 0xbf, 0xfb, 0xf7, 0x18, 0x33, 0x0b, 0xe6, 0xca, 0xf8,
  0xf5, 0xec, 0x09, 0x04, 0xd6, 0x03, 0xfe, 0x06, 0xf5, 0x43, 0xe2, 0xf8,
  0xdb, 0xba, 0xf3, 0x24, 0xfb, 0xe7, 0xfc, 0xc1, 0xfe, 0xd8, 0x09, 0x07,
  0xc8, 0xfc, 0xf0, 0x09, 0xf9, 0xf7, 0xee, 0x7f, 0xb1, 0xd0, 0x0f, 0x0c,
  0x0e, 0xe8, 0xf0, 0xe7, 0x1a, 0xf6, 0x0c, 0x0e, 0x01, 0xf5, 0x0c, 0x06,
  0x0a, 0xfc, 0xfb, 0x02, 0x4f, 0x1e, 0x2e, 0x2d, 0x0e, 0x13, 0x28, 0xdc,
  0xa0, 0xf6, 0xed, 0xf2, 0x03, 0xc9, 0x12, 0xeb, 0x10, 0x34, 0x08, 0x01,
  0x11, 0xa2, 0xc9, 0x4a, 0x11, 0xf0, 0x0f, 0xb8, 0x2e, 0x21, 0x12, 0xf6,
  0xe3, 0xce, 0x05, 0xe1, 0xf7, 0x08, 0xe6, 0x23, 0xe6, 0x1d, 0xff, 0xff,
  0xfc, 0x01, 0x4b, 0x0d, 0x18, 0x26, 0x1f, 0x1a, 0x1e, 0x63, 0xfa, 0x20,
  0xfa, 0x46, 0xfa, 0xd6, 0x6e, 0x5d, 0x1d, 0x23, 0x14, 0x06, 0x24, 0x20,
  0xe5, 0x96, 0xf6, 0xec, 0x2d, 0xf8, 0xf5, 0xe8, 0xfd, 0x2c, 0xee, 0xc2,
  0x5b, 0x17, 0xd3, 0x32, 0x09, 0xea, 0x13, 0x46, 0x52, 0x33, 0x0b, 0xfc,
  0x2d, 0x0f, 0xea, 0xfc, 0xd2, 0x42, 0xcc, 0xb3, 0xf5, 0x38, 0xf0, 0x1e,
  0x0e, 0xb9, 0x44, 0x39, 0x0f, 0x48, 0x11, 0xef, 0xfb, 0x36, 0xeb, 0x2a,
  0x15, 0xe6, 0xc5, 0xbe, 0x1a, 0x2a, 0xf1, 0xe5, 0x0a, 0x19, 0x09, 0x13,
  0x3f, 0x1b, 0xe4, 0x15, 0x38, 0x22, 0x15, 0x26, 0x04, 0xca, 0xf8, 0xf3,
  0x4f, 0x41, 0xf6, 0xb9, 0xdd, 0xe5, 0xc5, 0x36, 0x36, 0x3b, 0xfe, 0xfa,
  0x05, 0x2d, 0x12, 0xdc, 0xfd, 0xfc, 0x2e, 0x81, 0x6e, 0x49, 0xea, 0x2d,
  0xcb, 0x17, 0x10, 0x23, 0xe7, 0x21, 0xe4, 0x1e, 0x1a, 0x20, 0x1b, 0xc3,
  0x0d, 0xe8, 0x21, 0xea, 0xd4, 0x06, 0xed, 0xc3, 0xdb, 0x0d, 0xee, 0xf0,
  0x4c, 0xf4, 0xec, 0xec, 0xdd, 0x09, 0xf4, 0x2b, 0xea, 0xe4, 0x11, 0x12,
  0xd9, 0x30, 0x6d, 0xbb, 0x14, 0xf2, 0xd5, 0x1d, 0xbe, 0xcd, 0x0c, 0x01,
  0x07, 0x2d, 0x04, 0x55, 0x08, 0xd6, 0x06, 0xe8, 0x2e, 0x0e, 0x34, 0x22,
  0x0a, 0x09, 0xb6, 0x0c, 0xd8, 0xe7, 0xd7, 0x08, 0xc7, 0xb7, 0xe4, 0x0a,
  0xf0, 0xa8, 0x19, 0x17, 0xc2, 0xc5, 0xee, 0x26, 0x00, 0xeb, 0xec, 0xca,
  0x0f, 0x20, 0xe6, 0x1d, 0xec, 0x0b, 0xfd, 0x18, 0x22, 0xf0, 0x0e, 0x34,
  0xfb, 0xd2, 0x1e, 0x06, 0xef, 0xf9, 0xf4, 0xe1, 0xd8, 0xb5, 0xdf, 0xf6,
  0xd6, 0xeb, 0xe7, 0xfd, 0x1f, 0xeb, 0x1e, 0x46, 0x04, 0xc5, 0x32, 0xf4,
  0xf5, 0x2b, 0xd1, 0xf4, 0xe9, 0xd4, 0xf0, 0xf2, 0xfe, 0xc8, 0x17, 0xd9,
  0x09, 0xfd, 0x17, 0x5b, 0x0d, 0x29, 0x0d, 0xba, 0x0a, 0x01, 0x42, 0x0d,
  0x20, 0x0b, 0xeb, 0xe2, 0x31, 0xf9, 0xf5, 0x0b, 0x15, 0xe1, 0x16, 0xee,
  0x1b, 0x35, 0xda, 0xb7, 0xda, 0x00, 0x30, 0x46, 0x17, 0x27, 0xdc, 0x1c,
  0x41, 0x16, 0xe1, 0x16, 0xe8, 0x1b, 0xfb, 0xa0, 0x2b, 0x17, 0x0a, 0x13,
  0xfb, 0x12, 0x05, 0x18, 0x08, 0x18, 0xd8, 0xff, 0x0a, 0xe2, 0xf4, 0xdf,
  0xdb, 0xf1, 0x10, 0x15, 0xa9, 0xf4, 0xea, 0xbe, 0xe9, 0xee, 0xee, 0x01,
  0x4a, 0x18, 0x00, 0x1e, 0xee, 0x36, 0x0f, 0x18, 0xe8, 0xe6, 0xfc, 0xfb,
  0x09, 0x4d, 0x60, 0xa8, 0xdf, 0xf1, 0xca, 0x45, 0xbf, 0xe7, 0xe7, 0x03,
  0xf8, 0x3b, 0xe9, 0x58, 0x18, 0xe3, 0x0b, 0xe0, 0x32, 0x05, 0x27, 0xea,
  0x09, 0x0c, 0xa2, 0xe5, 0x06, 0xf9, 0xf9, 0x0c, 0xda, 0x81, 0xe7, 0xaa,
  0xd6, 0xcd, 0xe5, 0x0c, 0xa3, 0x92, 0xf8, 0xdf, 0x0d, 0x0a, 0xce, 0xf5,
  0x20, 0x7f, 0xfe, 0xfc, 0xdd, 0x0a, 0x11, 0x0e, 0x09, 0xa0, 0x16, 0x54,
  0xb0, 0xdd, 0x13, 0xe1, 0xdc, 0x3b, 0xcd, 0xab, 0xae, 0xb2, 0x02, 0x16,
  0xc1, 0x01, 0x1a, 0x0f, 0x35, 0x9c, 0x52, 0x40, 0x05, 0xa9, 0x01, 0x00,
  0x15, 0x43, 0xbf, 0xb6, 0xe4, 0xab, 0xdd, 0x06, 0x1f, 0xbf, 0xec, 0xae,
  0xeb, 0x19, 0x34, 0x35, 0x04, 0x20, 0x2e, 0x14, 0x15, 0xd0, 0xf2, 0xd0,
  0x5b, 0x36, 0xdf, 0xf3, 0xfc, 0x30, 0xf5, 0xe4, 0x2f, 0xfc, 0xdb, 0x07,
  0x14, 0x05, 0x11, 0x26, 0x03, 0xe9, 0xc1, 0xd5, 0x32, 0xfb, 0x27, 0x17,
  0xe9, 0x2d, 0xf4, 0xeb, 0xde, 0x2b, 0x06, 0xd9, 0x44, 0x25, 0x0c, 0x1b,
  0xea, 0x14, 0xe6, 0xfe, 0xf3, 0xe6, 0x05, 0x23, 0x19, 0x1a, 0xe7, 0xc4,
  0xf4, 0xe4, 0x10, 0xc8, 0x07, 0x04, 0x0a, 0x2d, 0xdf, 0x12, 0x41, 0xca,
  0x9f, 0x19, 0xe9, 0x1f, 0x33, 0xee, 0x07, 0xe0, 0x0e, 0x11, 0x22, 0xf4,
  0x00, 0xcb, 0xfe, 0x26, 0xe2, 0x2c, 0xf4, 0xd7, 0xff, 0x30, 0x05, 0xfc,
  0x1b, 0xf6, 0x0c, 0x0a, 0x11, 0x26, 0xfb, 0x1b, 0xcb, 0xfa, 0x20, 0xfd,
  0x04, 0x1c, 0x45, 0x22, 0xc4, 0x42, 0x0d, 0xf5, 0xe6, 0x4b, 0x08, 0x66,
  0xf1, 0xf1, 0x25, 0x1c, 0x50, 0x54, 0x24, 0x3e, 0xed, 0x17, 0x01, 0x06,
  0x11, 0x81, 0xdf, 0xe4, 0x40, 0x0d, 0x0d, 0xd9, 0xf7, 0x5c, 0xfe, 0xcc,
  0x59, 0x00, 0xe6, 0x3c, 0x1c, 0xc5, 0x17, 0x3f, 0x5e, 0xf1, 0x24, 0x21,
  0x15, 0x01, 0xf1, 0xd5, 0x07, 0x2e, 0xd7, 0xbc, 0xc6, 0x28, 0xe1, 0x10,
  0xff, 0x8c, 0x11, 0x4a, 0x39, 0x74, 0xf2, 0x1a, 0xc2, 0x4e, 0xed, 0x24,
  0x09, 0xe8, 0xfc, 0x03, 0x28, 0xe3, 0xd4, 0x3c, 0xe2, 0x35, 0xb8, 0xf3,
  0x81, 0xc6, 0xd4, 0xef, 0xfd, 0xfe, 0xe1, 0xf6, 0xbf, 0x3a, 0x15, 0x3b,
  0xa8, 0xfa, 0x18, 0x21, 0xef, 0xdb, 0x19, 0xbe, 0xb5, 0xff, 0xe8, 0x2c,
  0x14, 0xaf, 0xe5, 0x30, 0x02, 0x09, 0xf4, 0x57, 0xcf, 0xea, 0x0c, 0xd1,
  0x0f, 0xaf, 0x00, 0x22, 0x17, 0xff, 0x1e, 0x02, 0xb5, 0xd7, 0x1c, 0x6b,
  0x04, 0x0d, 0xce, 0x1e, 0x63, 0xe2, 0x1e, 0x14, 0x38, 0x17, 0xe1, 0xf2,
  0xfd, 0xfe, 0x33, 0xf1, 0x02, 0x02, 0x06, 0xf5, 0x05, 0x09, 0xc7, 0x02,
  0x2b, 0xd4, 0xcb, 0x3d, 0x28, 0x15, 0x36, 0x08, 0x29, 0x50, 0x10, 0x15,
  0x13, 0x2c, 0x06, 0xe1, 0xfc, 0xda, 0xd0, 0xc1, 0xff, 0x08, 0xa6, 0xdf,
  0x2b, 0x1b, 0x35, 0xe2, 0x78, 0xca, 0x1f, 0x11, 0x1e, 0xe9, 0x0a, 0xea,
  0xeb, 0x70, 0xe3, 0xcc, 0xbc, 0xce, 0xe7, 0xe9, 0x06, 0x14, 0x11, 0xee,
  0xe4, 0xfd, 0xe2, 0x25, 0xe2, 0xd7, 0x23, 0x05, 0xe4, 0x2a, 0xda, 0xc4,
  0x02, 0x1b, 0x13, 0xee, 0x36, 0x3b, 0x4c, 0x14, 0xf0, 0x33, 0xe8, 0x04,
  0xd6, 0x21, 0x0b, 0x18, 0x38, 0xed, 0xe1, 0xed, 0x3a, 0x35, 0xfd, 0x2a,
  0xfe, 0x58, 0x47, 0x20, 0xc2, 0xbe, 0x1a, 0xea, 0x12, 0xd3, 0xce, 0xd3,
  0xf6, 0xfa, 0x04, 0xb6, 0xc4, 0xf5, 0x07, 0x2a, 0x0b, 0xc5, 0x06, 0xff,
  0x57, 0x32, 0xf6, 0x23, 0x0a, 0x0c, 0xf5, 0x0c, 0x1e, 0xc4, 0x17, 0xfd,
  0x2f, 0xf3, 0x2e, 0x09, 0x1f, 0x09, 0xc2, 0xd7, 0x20, 0xf5, 0xe1, 0x20,
  0x06, 0x46, 0x11, 0x1b, 0xfc, 0x33, 0x19, 0xbf, 0x45, 0x4e, 0x0f, 0x51,
  0xdd, 0x32, 0xca, 0xf2, 0x35, 0xf8, 0xde, 0x09, 0x32, 0x44, 0xef, 0xb9,
  0x13, 0xed, 0x01, 0xb9, 0xfe, 0x04, 0x12, 0x0c, 0xeb, 0x0f, 0x4c, 0xde,
  0xb5, 0x24, 0x09, 0x05, 0x2c, 0xce, 0x1c, 0x06, 0xf3, 0x22, 0x51, 0x1e,
  0xb6, 0xea, 0x19, 0x1e, 0x16, 0x1f, 0xe0, 0xe8, 0xe5, 0x06, 0xdd, 0xfd,
  0xef, 0x00, 0x04, 0x11, 0xef, 0x26, 0x2f, 0x3b, 0xcf, 0x21, 0x1a, 0x27,
  0x1e, 0xf1, 0x18, 0x0b, 0xb2, 0x28, 0x1f, 0xea, 0x07, 0x39, 0xe2, 0x30,
  0xf9, 0xfb, 0x5e, 0xea, 0x7f, 0x3d, 0x02, 0x47, 0xda, 0x04, 0x02, 0xf9,
  0x07, 0xaf, 0xfb, 0xe2, 0x46, 0xe1, 0x1f, 0xe6, 0x04, 0x10, 0x44, 0x21,
  0x5d, 0x0d, 0xcd, 0x38, 0x1e, 0xdd, 0xd6, 0x10, 0x4f, 0xf9, 0x1b, 0xea,
  0x19, 0xf0, 0x11, 0xf3, 0xe4, 0x6a, 0xeb, 0xf1, 0xe0, 0xe9, 0xdf, 0xdd,
  0xe1, 0xc1, 0x07, 0x15, 0x26, 0x48, 0xe3, 0x01, 0xde, 0x19, 0x19, 0x64,
  0x1c, 0xff, 0x01, 0x10, 0x15, 0xf7, 0xfa, 0xf0, 0xfc, 0x17, 0x1a, 0xfb,
  0x95, 0xdb, 0x07, 0x11, 0x30, 0xc9, 0xf3, 0xee, 0x09, 0xfd, 0xf3, 0x22,
  0xe2, 0x25, 0xf7, 0xcc, 0xfd, 0x01, 0x5f, 0x18, 0xf3, 0x1a, 0x0e, 0x1b,
  0x0e, 0xb5, 0x1a, 0x1b, 0x14, 0xe0, 0x09, 0x34, 0xbb, 0xd3, 0xf3, 0xc1,
  0x08, 0xd2, 0xff, 0x11, 0xe3, 0x34, 0xf5, 0x19, 0xa5, 0xaf, 0x16, 0x42,
  0xf1, 0xf0, 0xde, 0x20, 0x25, 0xdd, 0xb8, 0xc2, 0x23, 0xe5, 0xd9, 0x24,
  0x53, 0xec, 0x0e, 0xf6, 0xff, 0x39, 0x12, 0x26, 0xec, 0xe2, 0xca, 0xcd,
  0x10, 0x44, 0xf6, 0xc7, 0xfe, 0xec, 0xf5, 0x19, 0xed, 0x08, 0x10, 0x02,
  0xed, 0x1c, 0x0c, 0xf1, 0x0c, 0xc6, 0xe0, 0xc3, 0x31, 0xe4, 0xdf, 0xe6,
  0xe0, 0xfa, 0xe0, 0xe9, 0x65, 0xbf, 0x05, 0xf8, 0x14, 0x97, 0xef, 0xb9,
  0xd1, 0x11, 0xd6, 0x13, 0x81, 0xd1, 0xfd, 0xe6, 0x0c, 0xf9, 0xd6, 0xde,
  0x02, 0x78, 0xed, 0x19, 0xe1, 0x03, 0x0c, 0x41, 0x20, 0xc4, 0xed, 0x17,
  0x94, 0xfc, 0x36, 0xe8, 0xf1, 0x2a, 0xf6, 0xc5, 0xa5, 0x15, 0xfb, 0xfe,
  0xdd, 0xf4, 0x19, 0x29, 0x18, 0xaf, 0x2f, 0x45, 0x19, 0x03, 0x0c, 0xee,
  0xff, 0x43, 0xde, 0xb3, 0xda, 0xb8, 0xe3, 0xf7, 0x17, 0xc1, 0xe8, 0xbc,
  0xfd, 0x36, 0xf2, 0x01, 0x11, 0xe8, 0xf7, 0x01, 0x1b, 0xfb, 0xe5, 0xe0,
  0xa5, 0xd3, 0x0f, 0x0c, 0xdb, 0xf9, 0x06, 0xec, 0xfd, 0x2f, 0x0d, 0x06,
  0xb8, 0xda, 0x01, 0x1a, 0x16, 0xfd, 0x45, 0xd1, 0xd5, 0xde, 0xfa, 0xed,
  0xd9, 0xb0, 0xef, 0x0c, 0xfd, 0xdf, 0xf4, 0x7f, 0xae, 0xcc, 0xf0, 0xf0,
  0x13, 0xd4, 0x12, 0x0c, 0xf8, 0xfd, 0x06, 0xf0, 0xd1, 0xb9, 0xfc, 0x2f,
  0x05, 0x11, 0x00, 0x3b, 0x5a, 0x08, 0xfd, 0x03, 0x01, 0xfc, 0x0b, 0x0f,
  0xf7, 0x06, 0xf6, 0x17, 0xea, 0xee, 0xf5, 0xcf, 0xfe, 0x13, 0xe8, 0xe3,
  0x27, 0xc2, 0xa0, 0x1d, 0x12, 0xf6, 0x3a, 0x00, 0x3f, 0x17, 0x0a, 0x01,
  0xd9, 0xef, 0x15, 0xc4, 0x06, 0xed, 0xcc, 0x16, 0x0d, 0xf2, 0xc3, 0xe8,
  0x14, 0xea, 0x26, 0xea, 0x2c, 0x0f, 0xf1, 0xf3, 0x1f, 0x1d, 0x01, 0xe5,
  0x0d, 0x58, 0xd8, 0x02, 0x01, 0x16, 0x06, 0xf9, 0x11, 0xe8, 0x03, 0x2d,
  0xd3, 0x19, 0xf6, 0xf9, 0xf5, 0xec, 0x18, 0xff, 0xfb, 0x14, 0xc9, 0xb7,
  0x09, 0x09, 0xfe, 0x13, 0x11, 0xfb, 0x36, 0x2a, 0x11, 0x46, 0x09, 0x0c,
  0x21, 0x12, 0x0a, 0x0e, 0x0d, 0x05, 0xe4, 0xec, 0xf5, 0x33, 0xf1, 0x28,
  0x20, 0x14, 0x1e, 0x33, 0xed, 0x0d, 0x13, 0x07, 0x08, 0x11, 0xfd, 0xe8,
  0xf6, 0x1b, 0xe1, 0xbd, 0xcf, 0x00, 0xd4, 0x3f, 0xfe, 0x41, 0xdb, 0x23,
  0x99, 0xcf, 0x33, 0x21, 0xdb, 0xbc, 0xfb, 0xc9, 0xf5, 0x43, 0xab, 0xf2,
  0xed, 0xd1, 0x1e, 0x24, 0x33, 0xcb, 0x02, 0xaa, 0xa7, 0xd0, 0x00, 0x2f,
  0xba, 0x06, 0xdc, 0x13, 0x08, 0xfd, 0x21, 0x55, 0xc7, 0x8a, 0xfa, 0x90,
  0xf1, 0x13, 0x28, 0x00, 0xd1, 0x23, 0xcf, 0xde, 0xf5, 0xbe, 0x22, 0x7f,
  0x25, 0x2a, 0x29, 0x39, 0x24, 0x17, 0xf2, 0x22, 0x3a, 0x14, 0x35, 0x42,
  0x16, 0x05, 0xd0, 0x0a, 0xeb, 0xe6, 0x03, 0xb1, 0x2c, 0x24, 0xed, 0x08,
  0x3d, 0x11, 0xb7, 0x08, 0x1c, 0x38, 0x59, 0x1e, 0xe5, 0x46, 0x32, 0x0e,
  0x24, 0x36, 0xc8, 0x19, 0xd6, 0xb3, 0xfa, 0xf4, 0xcf, 0x04, 0xee, 0xb5,
  0xfd, 0xbd, 0x2c, 0xf1, 0x42, 0x27, 0x32, 0x0f, 0x1b, 0x2d, 0xde, 0xfd,
  0xf2, 0x51, 0x1a, 0xbe, 0x26, 0x2c, 0xe9, 0x23, 0x45, 0xe4, 0xf2, 0x25,
  0xf8, 0x1f, 0xf8, 0x3c, 0x1a, 0xbb, 0x2f, 0x09, 0xf7, 0xc8, 0x07, 0x99,
  0xee, 0x28, 0x25, 0xe5, 0x2f, 0xd7, 0x54, 0xd6, 0xe3, 0x58, 0x0f, 0x23,
  0x1a, 0x14, 0xd9, 0xf7, 0x41, 0xc0, 0xbb, 0x13, 0xe6, 0xdb, 0xf4, 0x1b,
  0xcf, 0x29, 0x44, 0x0b, 0xc1, 0x11, 0xfa, 0x44, 0x03, 0xf1, 0x3f, 0x26,
  0x38, 0x39, 0xb3, 0xf2, 0xed, 0xed, 0xfb, 0x29, 0xe6, 0xf6, 0xf7, 0x17,
  0xa7, 0xa6, 0xd0, 0xdc, 0x0e, 0xf5, 0x0f, 0xd2, 0xe7, 0x2e, 0xcd, 0x35,
  0xba, 0xf7, 0xd1, 0x04, 0x31, 0x23, 0x30, 0x0c, 0xc0, 0xbe, 0xe2, 0x2d,
  0xc1, 0xd9, 0x10, 0x3f, 0x2c, 0xf3, 0xf9, 0x7f, 0x99, 0xdf, 0xe8, 0xd9,
  0x35, 0xab, 0x17, 0x01, 0xf9, 0x37, 0xd8, 0xef, 0xee, 0x9f, 0x34, 0x60,
  0x08, 0xc5, 0xe7, 0x02, 0x26, 0x12, 0xc6, 0xe5, 0xe1, 0xf6, 0xae, 0x1b,
  0x35, 0xf1, 0xf7, 0x07, 0xd0, 0xfe, 0x01, 0xcb, 0xd1, 0xf8, 0x04, 0xc2,
  0x56, 0x27, 0xbd, 0xdf, 0x26, 0x0e, 0x33, 0x04, 0x2c, 0x0d, 0x2d, 0x1e,
  0x21, 0xf7, 0xd1, 0xbc, 0x05, 0xda, 0xf0, 0x13, 0xed, 0xc6, 0xd3, 0x0f,
  0x1f, 0x30, 0x25, 0x28, 0x37, 0xbf, 0x06, 0xea, 0x00, 0xc5, 0x32, 0xba,
  0x09, 0x54, 0xb9, 0xf6, 0xf6, 0xb4, 0xdc, 0xb1, 0x0c, 0xd2, 0xde, 0x25,
  0xd2, 0x17, 0xe4, 0xd3, 0x13, 0x2e, 0x03, 0x2d, 0xe6, 0xfe, 0xe1, 0x00,
  0xe2, 0x05, 0xfe, 0xf5, 0x0d, 0x2e, 0xfc, 0xce, 0x06, 0xe9, 0x17, 0x18,
  0xd6, 0x20, 0xf2, 0xe8, 0xe1, 0xb2, 0x07, 0xe9, 0xfb, 0x10, 0x2a, 0xdf,
  0xe4, 0x42, 0x34, 0xd8, 0xf5, 0xf3, 0x12, 0xe2, 0x4e, 0xf9, 0x04, 0xec,
  0xcf, 0x09, 0xde, 0xca, 0x29, 0x1b, 0x02, 0xd7, 0xfc, 0x0d, 0x1f, 0x26,
  0xd5, 0xc9, 0x21, 0xd9, 0x0d, 0x01, 0xe5, 0xdc, 0x0e, 0xfd, 0x0e, 0xfa,
  0x04, 0x26, 0xf5, 0xfe, 0xea, 0x2d, 0x4f, 0x19, 0xf1, 0xf7, 0xf9, 0xff,
  0xdf, 0xd2, 0xde, 0x25, 0xfa, 0xd6, 0xf6, 0x35, 0xb2, 0xe9, 0xf9, 0xe6,
  0xf9, 0xd2, 0xee, 0xf9, 0xf8, 0xf9, 0xe3, 0xe5, 0xa9, 0xd9, 0xed, 0x10,
  0x18, 0xef, 0xe0, 0x07, 0x2a, 0xf2, 0xe0, 0x03, 0x19, 0x0a, 0xe2, 0x0c,
  0x3e, 0x0d, 0x23, 0x05, 0x08, 0x3d, 0xe0, 0xed, 0x03, 0x0d, 0xcf, 0xec,
  0x2b, 0x08, 0x1a, 0xc7, 0x21, 0xd6, 0x14, 0x01, 0xf5, 0xde, 0xe9, 0xe7,
  0xf3, 0xf5, 0xf7, 0xe2, 0xf2, 0xcb, 0xd1, 0xe0, 0x37, 0xef, 0xdd, 0xfb,
  0x0e, 0x0e, 0xcb, 0xcb, 0x5c, 0xcc, 0xf1, 0x03, 0xe8, 0xbf, 0x13, 0xc7,
  0xd9, 0x15, 0xbf, 0xe7, 0x81, 0xd3, 0x18, 0xf3, 0xeb, 0x13, 0xf9, 0x1d,
  0x12, 0x6c, 0x09, 0xe1, 0xb2, 0x26, 0x0b, 0x10, 0xe4, 0xcc, 0xfd, 0x00,
  0x8f, 0xdf, 0x05, 0xe7, 0xdf, 0x3b, 0x1f, 0xaa, 0xe2, 0xdf, 0xf8, 0x23,
  0xdd, 0xfb, 0x04, 0x11, 0x21, 0xcc, 0x16, 0x2a, 0x05, 0xd3, 0xfb, 0xe8,
  0x25, 0x4c, 0xfc, 0xb5, 0xdd, 0xdb, 0x10, 0xfb, 0x1e, 0xa6, 0x15, 0xc7,
  0xf2, 0x0d, 0x14, 0x10, 0x0e, 0xfe, 0xff, 0xff, 0x04, 0x00, 0x00, 0x00,
  0xc8, 0x00, 0x00, 0x00, 0xf8, 0xfa, 0xff, 0xff, 0xf6, 0xf9, 0xff, 0xff,
  0xc0, 0x04, 0x00, 0x00, 0xfa, 0x01, 0x00, 0x00, 0xe5, 0x05, 0x00, 0x00,
  0x0b, 0x08, 0x00, 0x00, 0xd2, 0x05, 0x00, 0x00, 0xd8, 0x10, 0x00, 0x00,
  0xd6, 0x00, 0x00, 0x00, 0xf9, 0x10, 0x00, 0x00, 0x43, 0x07, 0x00, 0x00,
  0xf9, 0x0f, 0x00, 0x00, 0xe6, 0x00, 0x00, 0x00, 0xd9, 0x03, 0x00, 0x00,
  0xd2, 0xfa, 0xff, 0xff, 0x44, 0x07, 0x00, 0x00, 0xe8, 0xf3, 0xff, 0xff,
  0x08, 0x0b, 0x00, 0x00, 0xbc, 0xfe, 0xff, 0xff, 0x21, 0x0e, 0x00, 0x00,
  0xe7, 0xf0, 0xff, 0xff, 0xdd, 0x01, 0x00, 0x00, 0xc6, 0xee, 0xff, 0xff,
  0x0f, 0x0a, 0x00, 0x00, 0x9c, 0x07, 0x00, 0x00, 0x01, 0xfd, 0xff, 0xff,
  0x4f, 0x00, 0x00, 0x00, 0xd2, 0x0b, 0x00, 0x00, 0x64, 0x00, 0x00, 0x00,
  0xcf, 0xf7, 0xff, 0xff, 0x13, 0xf6, 0xff, 0xff, 0xa4, 0xf7, 0xff, 0xff,
  0x58, 0xfd, 0xff, 0xff, 0xda, 0x15, 0x00, 0x00, 0x23, 0x0b, 0x00, 0x00,
  0x09, 0x0f, 0x00, 0x00, 0x88, 0xed, 0xff, 0xff, 0x97, 0xf4, 0xff, 0xff,
  0x82, 0xfe, 0xff, 0xff, 0x10, 0xf0, 0xff, 0xff, 0xb4, 0x0a, 0x00, 0x00,
  0xd6, 0x0e, 0x00, 0x00, 0x43, 0xf4, 0xff, 0xff, 0xe8, 0xfb, 0xff, 0xff,
  0xfe, 0xff, 0xff, 0xff, 0x73, 0x08, 0x00, 0x00, 0xf0, 0xf3, 0xff, 0xff,
  0x23, 0x01, 0x00, 0x00, 0xe6, 0x02, 0x00, 0x00, 0x59, 0x01, 0x00, 0x00,
  0xe2, 0xfe, 0xff, 0xff, 0x04, 0x00, 0x00, 0x00, 0x64, 0x00, 0x00, 0x00,
  0xc6, 0xd2, 0xcf, 0xf8, 0xf4, 0x4d, 0xd2, 0x36, 0x13, 0x52, 0x20, 0x0c,
  0x36, 0xa7, 0x1e, 0xec, 0x05, 0xfb, 0xfc, 0x4e, 0xb4, 0x39, 0xfb, 0x09,
  0xe8, 0x92, 0xac, 0x29, 0xc1, 0xfb, 0xf8, 0xb3, 0x48, 0x3d, 0xfb, 0x50,
  0xa9, 0xd8, 0x1a, 0x81, 0x30, 0x6e, 0xa7, 0x0b, 0xb2, 0x7a, 0xf3, 0xfe,
  0x1a, 0x43, 0xd6, 0xe1, 0x81, 0xef, 0xbe, 0xff, 0xa5, 0xf7, 0x14, 0xc7,
  0xfa, 0xdf, 0x0b, 0x9d, 0x39, 0xbc, 0x40, 0xdd, 0x0e, 0xb2, 0x2a, 0x36,
  0x50, 0xd9, 0xae, 0xa3, 0xc3, 0xaa, 0xc7, 0x4a, 0x04, 0xd2, 0x6f, 0xda,
  0x96, 0xb3, 0x25, 0x4b, 0x36, 0x2c, 0xc1, 0xe0, 0xd0, 0x3f, 0xb7, 0x4f,
  0x6a, 0x23, 0x36, 0x2c, 0x52, 0xff, 0xff, 0xff, 0x04, 0x00, 0x00, 0x00,
  0x08, 0x00, 0x00, 0x00, 0x00, 0x00, 0x00, 0x00, 0x00, 0x00, 0x00, 0x00,
  0xfc, 0xff, 0xff, 0xff, 0x04, 0x00, 0x04, 0x00, 0x04, 0x00, 0x00, 0x00,
  0x0f, 0x00, 0x00, 0x00, 0x4d, 0x4c, 0x49, 0x52, 0x20, 0x43, 0x6f, 0x6e,
  0x76, 0x65, 0x72, 0x74, 0x65, 0x64, 0x2e, 0x00, 0x01, 0x00, 0x00, 0x00,
  0x14, 0x00, 0x00, 0x00, 0x00, 0x00, 0x0e, 0x00, 0x18, 0x00, 0x14, 0x00,
  0x10, 0x00, 0x0c, 0x00, 0x08, 0x00, 0x04, 0x00, 0x0e, 0x00, 0x00, 0x00,
  0x14, 0x00, 0x00, 0x00, 0x1c, 0x00, 0x00, 0x00, 0xa0, 0x02, 0x00, 0x00,
  0xa4, 0x02, 0x00, 0x00, 0xa8, 0x02, 0x00, 0x00, 0x04, 0x00, 0x00, 0x00,
  0x6d, 0x61, 0x69, 0x6e, 0x00, 0x00, 0x00, 0x00, 0x08, 0x00, 0x00, 0x00,
  0x3c, 0x02, 0x00, 0x00, 0xd4, 0x01, 0x00, 0x00, 0x84, 0x01, 0x00, 0x00,
  0x2c, 0x01, 0x00, 0x00, 0xec, 0x00, 0x00, 0x00, 0xa4, 0x00, 0x00, 0x00,
  0x50, 0x00, 0x00, 0x00, 0x04, 0x00, 0x00, 0x00, 0xc6, 0xff, 0xff, 0xff,
  0x1c, 0x00, 0x00, 0x00, 0x00, 0x00, 0x00, 0x09, 0x1c, 0x00, 0x00, 0x00,
  0x20, 0x00, 0x00, 0x00, 0x02, 0x00, 0x00, 0x00, 0x00, 0x00, 0x06, 0x00,
  0x08, 0x00, 0x04, 0x00, 0x06, 0x00, 0x00, 0x00, 0x00, 0x00, 0x80, 0x3f,
  0x01, 0x00, 0x00, 0x00, 0x10, 0x00, 0x00, 0x00, 0x01, 0x00, 0x00, 0x00,
  0x0f, 0x00, 0x00, 0x00, 0x00, 0x00, 0x0e, 0x00, 0x1a, 0x00, 0x14, 0x00,
  0x10, 0x00, 0x0c, 0x00, 0x0b, 0x00, 0x04, 0x00, 0x0e, 0x00, 0x00, 0x00,
  0x24, 0x00, 0x00, 0x00, 0x00, 0x00, 0x00, 0x05, 0x34, 0x00, 0x00, 0x00,
  0x38, 0x00, 0x00, 0x00, 0x01, 0x00, 0x00, 0x00, 0x00, 0x00, 0x0e, 0x00,
  0x18, 0x00, 0x17, 0x00, 0x10, 0x00, 0x0c, 0x00, 0x08, 0x00, 0x04, 0x00,
  0x0e, 0x00, 0x00, 0x00, 0x04, 0x00, 0x00, 0x00, 0x04, 0x00, 0x00, 0x00,
  0x04, 0x00, 0x00, 0x00, 0x04, 0x00, 0x00, 0x00, 0x00, 0x00, 0x00, 0x01,
  0x01, 0x00, 0x00, 0x00, 0x0f, 0x00, 0x00, 0x00, 0x01, 0x00, 0x00, 0x00,
  0x0e, 0x00, 0x00, 0x00, 0x8a, 0xfe, 0xff, 0xff, 0x1c, 0x00, 0x00, 0x00,
  0x00, 0x00, 0x00, 0x01, 0x20, 0x00, 0x00, 0x00, 0x24, 0x00, 0x00, 0x00,
  0x00, 0x00, 0x0a, 0x00, 0x0c, 0x00, 0x00, 0x00, 0x08, 0x00, 0x04, 0x00,
  0x0a, 0x00, 0x00, 0x00, 0x01, 0x00, 0x00, 0x00, 0x01, 0x00, 0x00, 0x00,
  0x01, 0x00, 0x00, 0x00, 0x0e, 0x00, 0x00, 0x00, 0x03, 0x00, 0x00, 0x00,
  0x0d, 0x00, 0x00, 0x00, 0x02, 0x00, 0x00, 0x00, 0x01, 0x00, 0x00, 0x00,
  0x7e, 0xff, 0xff, 0xff, 0x10, 0x00, 0x00, 0x00, 0x00, 0x00, 0x00, 0x01,
  0x18, 0x00, 0x00, 0x00, 0x1c, 0x00, 0x00, 0x00, 0xbe, 0xfe, 0xff, 0xff,
  0x01, 0x00, 0x00, 0x00, 0x01, 0x00, 0x00, 0x00, 0x00, 0x00, 0x00, 0x01,
  0x01, 0x00, 0x00, 0x00, 0x0d, 0x00, 0x00, 0x00, 0x03, 0x00, 0x00, 0x00,
  0x0c, 0x00, 0x00, 0x00, 0x04, 0x00, 0x00, 0x00, 0x03, 0x00, 0x00, 0x00,
  0x6e, 0xff, 0xff, 0xff, 0x14, 0x00, 0x00, 0x00, 0x00, 0x00, 0x00, 0x05,
  0x28, 0x00, 0x00, 0x00, 0x2c, 0x00, 0x00, 0x00, 0x01, 0x00, 0x00, 0x00,
  0x60, 0xff, 0xff, 0xff, 0x00, 0x00, 0x00, 0x01, 0x02, 0x00, 0x00, 0x00,
  0x02, 0x00, 0x00, 0x00, 0x02, 0x00, 0x00, 0x00, 0x02, 0x00, 0x00, 0x00,
  0x00, 0x00, 0x00, 0x01, 0x01, 0x00, 0x00, 0x00, 0x0c, 0x00, 0x00, 0x00,
  0x01, 0x00, 0x00, 0x00, 0x0b, 0x00, 0x00, 0x00, 0x00, 0x00, 0x0e, 0x00,
  0x14, 0x00, 0x00, 0x00, 0x10, 0x00, 0x0c, 0x00, 0x0b, 0x00, 0x04, 0x00,
  0x0e, 0x00, 0x00, 0x00, 0x10, 0x00, 0x00, 0x00, 0x00, 0x00, 0x00, 0x01,
  0x18, 0x00, 0x00, 0x00, 0x1c, 0x00, 0x00, 0x00, 0x4e, 0xff, 0xff, 0xff,
  0x01, 0x00, 0x00, 0x00, 0x01, 0x00, 0x00, 0x00, 0x00, 0x00, 0x00, 0x01,
  0x01, 0x00, 0x00, 0x00, 0x0b, 0x00, 0x00, 0x00, 0x03, 0x00, 0x00, 0x00,
  0x0a, 0x00, 0x00, 0x00, 0x06, 0x00, 0x00, 0x00, 0x05, 0x00, 0x00, 0x00,
  0x00, 0x00, 0x0e, 0x00, 0x18, 0x00, 0x14, 0x00, 0x10, 0x00, 0x0c, 0x00,
  0x0b, 0x00, 0x04, 0x00, 0x0e, 0x00, 0x00, 0x00, 0x24, 0x00, 0x00, 0x00,
  0x00, 0x00, 0x00, 0x05, 0x38, 0x00, 0x00, 0x00, 0x3c, 0x00, 0x00, 0x00,
  0x01, 0x00, 0x00, 0x00, 0x10, 0x00, 0x1c, 0x00, 0x1b, 0x00, 0x14, 0x00,
  0x10, 0x00, 0x0c, 0x00, 0x08, 0x00, 0x07, 0x00, 0x10, 0x00, 0x00, 0x00,
  0x00, 0x00, 0x00, 0x01, 0x02, 0x00, 0x00, 0x00, 0x02, 0x00, 0x00, 0x00,
  0x02, 0x00, 0x00, 0x00, 0x02, 0x00, 0x00, 0x00, 0x00, 0x00, 0x00, 0x01,
  0x01, 0x00, 0x00, 0x00, 0x0a, 0x00, 0x00, 0x00, 0x01, 0x00, 0x00, 0x00,
  0x09, 0x00, 0x00, 0x00, 0x00, 0x00, 0x0e, 0x00, 0x16, 0x00, 0x00, 0x00,
  0x10, 0x00, 0x0c, 0x00, 0x0b, 0x00, 0x04, 0x00, 0x0e, 0x00, 0x00, 0x00,
  0x1c, 0x00, 0x00, 0x00, 0x00, 0x00, 0x00, 0x01, 0x24, 0x00, 0x00, 0x00,
  0x28, 0x00, 0x00, 0x00, 0x00, 0x00, 0x0a, 0x00, 0x10, 0x00, 0x0f, 0x00,
  0x08, 0x00, 0x04, 0x00, 0x0a, 0x00, 0x00, 0x00, 0x01, 0x00, 0x00, 0x00,
  0x01, 0x00, 0x00, 0x00, 0x00, 0x00, 0x00, 0x01, 0x01, 0x00, 0x00, 0x00,
  0x09, 0x00, 0x00, 0x00, 0x03, 0x00, 0x00, 0x00, 0x00, 0x00, 0x00, 0x00,
  0x08, 0x00, 0x00, 0x00, 0x07, 0x00, 0x00, 0x00, 0x01, 0x00, 0x00, 0x00,
  0x10, 0x00, 0x00, 0x00, 0x01, 0x00, 0x00, 0x00, 0x00, 0x00, 0x00, 0x00,
  0x11, 0x00, 0x00, 0x00, 0x18, 0x10, 0x00, 0x00, 0x80, 0x0f, 0x00, 0x00,
  0xf4, 0x0e, 0x00, 0x00, 0x10, 0x0c, 0x00, 0x00, 0x44, 0x09, 0x00, 0x00,
  0xc8, 0x07, 0x00, 0x00, 0x64, 0x06, 0x00, 0x00, 0x68, 0x05, 0x00, 0x00,
  0x7c, 0x04, 0x00, 0x00, 0xe0, 0x03, 0x00, 0x00, 0x4c, 0x03, 0x00, 0x00,
  0xa8, 0x02, 0x00, 0x00, 0x14, 0x02, 0x00, 0x00, 0x70, 0x01, 0x00, 0x00,
  0xec, 0x00, 0x00, 0x00, 0x70, 0x00, 0x00, 0x00, 0x04, 0x00, 0x00, 0x00,
  0x42, 0xf0, 0xff, 0xff, 0x00, 0x00, 0x00, 0x01, 0x14, 0x00, 0x00, 0x00,
  0x30, 0x00, 0x00, 0x00, 0x11, 0x00, 0x00, 0x00, 0x00, 0x00, 0x00, 0x09,
  0x3c, 0x00, 0x00, 0x00, 0x2c, 0xf0, 0xff, 0xff, 0x08, 0x00, 0x00, 0x00,
  0x10, 0x00, 0x00, 0x00, 0x01, 0x00, 0x00, 0x00, 0x80, 0xff, 0xff, 0xff,
  0xff, 0xff, 0xff, 0xff, 0x01, 0x00, 0x00, 0x00, 0x00, 0x00, 0x80, 0x3b,
  0x11, 0x00, 0x00, 0x00, 0x50, 0x61, 0x72, 0x74, 0x69, 0x74, 0x69, 0x6f,
  0x6e, 0x65, 0x64, 0x43, 0x61, 0x6c, 0x6c, 0x3a, 0x30, 0x00, 0x00, 0x00,
  0x04, 0x00, 0x00, 0x00, 0x01, 0x00, 0x00, 0x00, 0x01, 0x00, 0x00, 0x00,
  0x01, 0x00, 0x00, 0x00, 0x02, 0x00, 0x00, 0x00, 0xaa, 0xf0, 0xff, 0xff,
  0x00, 0x00, 0x00, 0x01, 0x14, 0x00, 0x00, 0x00, 0x30, 0x00, 0x00, 0x00,
  0x10, 0x00, 0x00, 0x00, 0x00, 0x00, 0x00, 0x09, 0x4c, 0x00, 0x00, 0x00,
  0x94, 0xf0, 0xff, 0xff, 0x08, 0x00, 0x00, 0x00, 0x10, 0x00, 0x00, 0x00,
  0x01, 0x00, 0x00, 0x00, 0x1c, 0x00, 0x00, 0x00, 0x00, 0x00, 0x00, 0x00,
  0x01, 0x00, 0x00, 0x00, 0xdf, 0x1e, 0x46, 0x3e, 0x22, 0x00, 0x00, 0x00,
  0x6d, 0x6f, 0x64, 0x65, 0x6c, 0x2f, 0x74, 0x66, 0x2e, 0x6e, 0x6e, 0x2e,
  0x6d, 0x61, 0x78, 0x5f, 0x70, 0x6f, 0x6f, 0x6c, 0x32, 0x64, 0x5f, 0x32,
  0x2f, 0x4d, 0x61, 0x78, 0x50, 0x6f, 0x6f, 0x6c, 0x32, 0x64, 0x00, 0x00,
  0x04, 0x00, 0x00, 0x00, 0x01, 0x00, 0x00, 0x00, 0x01, 0x00, 0x00, 0x00,
  0x01, 0x00, 0x00, 0x00, 0x02, 0x00, 0x00, 0x00, 0x22, 0xf1, 0xff, 0xff,
  0x00, 0x00, 0x00, 0x01, 0x14, 0x00, 0x00, 0x00, 0x34, 0x00, 0x00, 0x00,
  0x0f, 0x00, 0x00, 0x00, 0x00, 0x00, 0x00, 0x09, 0x54, 0x00, 0x00, 0x00,
  0x0c, 0xf1, 0xff, 0xff, 0x08, 0x00, 0x00, 0x00, 0x14, 0x00, 0x00, 0x00,
  0x01, 0x00, 0x00, 0x00, 0x1c, 0x00, 0x00, 0x00, 0x00, 0x00, 0x00, 0x00,
  0x00, 0x00, 0x00, 0x00, 0x01, 0x00, 0x00, 0x00, 0xdf, 0x1e, 0x46, 0x3e,
  0x26, 0x00, 0x00, 0x00, 0x6d, 0x6f, 0x64, 0x65, 0x6c, 0x2f, 0x74, 0x66,
  0x2e, 0x6e, 0x6e, 0x2e, 0x63, 0x6f, 0x6e, 0x76, 0x6f, 0x6c, 0x75, 0x74,
  0x69, 0x6f, 0x6e, 0x5f, 0x33, 0x2f, 0x63, 0x6f, 0x6e, 0x76, 0x6f, 0x6c,
  0x75, 0x74, 0x69, 0x6f, 0x6e, 0x32, 0x00, 0x00, 0x04, 0x00, 0x00, 0x00,
  0x01, 0x00, 0x00, 0x00, 0x04, 0x00, 0x00, 0x00, 0x04, 0x00, 0x00, 0x00,
  0x02, 0x00, 0x00, 0x00, 0xa2, 0xf1, 0xff, 0xff, 0x00, 0x00, 0x00, 0x01,
  0x14, 0x00, 0x00, 0x00, 0x34, 0x00, 0x00, 0x00, 0x0e, 0x00, 0x00, 0x00,
  0x00, 0x00, 0x00, 0x09, 0x74, 0x00, 0x00, 0x00, 0x8c, 0xf1, 0xff, 0xff,
  0x08, 0x00, 0x00, 0x00, 0x14, 0x00, 0x00, 0x00, 0x01, 0x00, 0x00, 0x00,
  0xf5, 0xff, 0xff, 0xff, 0xff, 0xff, 0xff, 0xff, 0x00, 0x00, 0x00, 0x00,
  0x01, 0x00, 0x00, 0x00, 0xbe, 0x25, 0xa2, 0x3c, 0x46, 0x00, 0x00, 0x00,
  0x6d, 0x6f, 0x64, 0x65, 0x6c, 0x2f, 0x74, 0x66, 0x2e, 0x6d, 0x61, 0x74,
  0x68, 0x2e, 0x61, 0x64, 0x64, 0x5f, 0x32, 0x2f, 0x41, 0x64, 0x64, 0x3b,
  0x6d, 0x6f, 0x64, 0x65, 0x6c, 0x2f, 0x74, 0x66, 0x2e, 0x6e, 0x6e, 0x2e,
  0x63, 0x6f, 0x6e, 0x76, 0x6f, 0x6c, 0x75, 0x74, 0x69, 0x6f, 0x6e, 0x5f,
  0x32, 0x2f, 0x63, 0x6f, 0x6e, 0x76, 0x6f, 0x6c, 0x75, 0x74, 0x69, 0x6f,
  0x6e, 0x3b, 0x43, 0x6f, 0x6e, 0x73, 0x74, 0x5f, 0x31, 0x31, 0x00, 0x00,
  0x04, 0x00, 0x00, 0x00, 0x01, 0x00, 0x00, 0x00, 0x04, 0x00, 0x00, 0x00,
  0x04, 0x00, 0x00, 0x00, 0x32, 0x00, 0x00, 0x00, 0x42, 0xf2, 0xff, 0xff,
  0x00, 0x00, 0x00, 0x01, 0x14, 0x00, 0x00, 0x00, 0x30, 0x00, 0x00, 0x00,
  0x0d, 0x00, 0x00, 0x00, 0x00, 0x00, 0x00, 0x09, 0x64, 0x00, 0x00, 0x00,
  0x2c, 0xf2, 0xff, 0xff, 0x08, 0x00, 0x00, 0x00, 0x10, 0x00, 0x00, 0x00,
  0x01, 0x00, 0x00, 0x00, 0x1e, 0x00, 0x00, 0x00, 0x00, 0x00, 0x00, 0x00,
  0x01, 0x00, 0x00, 0x00, 0xb3, 0xde, 0xd3, 0x3c, 0x3a, 0x00, 0x00, 0x00,
  0x6d, 0x6f, 0x64, 0x65, 0x6c, 0x2f, 0x74, 0x66, 0x2e, 0x6e, 0x6e, 0x2e,
  0x72, 0x65, 0x6c, 0x75, 0x5f, 0x31, 0x2f, 0x52, 0x65, 0x6c, 0x75, 0x3b,
  0x6d, 0x6f, 0x64, 0x65, 0x6c, 0x2f, 0x74, 0x66, 0x2e, 0x6e, 0x6e, 0x2e,
  0x6d, 0x61, 0x78, 0x5f, 0x70, 0x6f, 0x6f, 0x6c, 0x32, 0x64, 0x5f, 0x31,
  0x2f, 0x4d, 0x61, 0x78, 0x50, 0x6f, 0x6f, 0x6c, 0x32, 0x64, 0x00, 0x00,
  0x04, 0x00, 0x00, 0x00, 0x01, 0x00, 0x00, 0x00, 0x06, 0x00, 0x00, 0x00,
  0x06, 0x00, 0x00, 0x00, 0x14, 0x00, 0x00, 0x00, 0xd2, 0xf2, 0xff, 0xff,
  0x00, 0x00, 0x00, 0x01, 0x14, 0x00, 0x00, 0x00, 0x34, 0x00, 0x00, 0x00,
  0x0c, 0x00, 0x00, 0x00, 0x00, 0x00, 0x00, 0x09, 0x74, 0x00, 0x00, 0x00,
  0xbc, 0xf2, 0xff, 0xff, 0x08, 0x00, 0x00, 0x00, 0x14, 0x00, 0x00, 0x00,
  0x01, 0x00, 0x00, 0x00, 0x1e, 0x00, 0x00, 0x00, 0x00, 0x00, 0x00, 0x00,
  0x00, 0x00, 0x00, 0x00, 0x01, 0x00, 0x00, 0x00, 0xb3, 0xde, 0xd3, 0x3c,
  0x46, 0x00, 0x00, 0x00, 0x6d, 0x6f, 0x64, 0x65, 0x6c, 0x2f, 0x74, 0x66,
  0x2e, 0x6d, 0x61, 0x74, 0x68, 0x2e, 0x61, 0x64, 0x64, 0x5f, 0x31, 0x2f,
  0x41, 0x64, 0x64, 0x3b, 0x6d, 0x6f, 0x64, 0x65, 0x6c, 0x2f, 0x74, 0x66,
  0x2e, 0x6e, 0x6e, 0x2e, 0x63, 0x6f, 0x6e, 0x76, 0x6f, 0x6c, 0x75, 0x74,
  0x69, 0x6f, 0x6e, 0x5f, 0x31, 0x2f, 0x63, 0x6f, 0x6e, 0x76, 0x6f, 0x6c,
  0x75, 0x74, 0x69, 0x6f, 0x6e, 0x3b, 0x43, 0x6f, 0x6e, 0x73, 0x74, 0x5f,
  0x33, 0x31, 0x00, 0x00, 0x04, 0x00, 0x00, 0x00, 0x01, 0x00, 0x00, 0x00,
  0x0d, 0x00, 0x00, 0x00, 0x0d, 0x00, 0x00, 0x00, 0x14, 0x00, 0x00, 0x00,
  0x72, 0xf3, 0xff, 0xff, 0x00, 0x00, 0x00, 0x01, 0x14, 0x00, 0x00, 0x00,
  0x34, 0x00, 0x00, 0x00, 0x0b, 0x00, 0x00, 0x00, 0x00, 0x00, 0x00, 0x09,
  0x64, 0x00, 0x00, 0x00, 0x5c, 0xf3, 0xff, 0xff, 0x08, 0x00, 0x00, 0x00,
  0x14, 0x00, 0x00, 0x00, 0x01, 0x00, 0x00, 0x00, 0x24, 0x00, 0x00, 0x00,
  0x00, 0x00, 0x00, 0x00, 0x00, 0x00, 0x00, 0x00, 0x01, 0x00, 0x00, 0x00,
  0xd2, 0xd8, 0x81, 0x3c, 0x36, 0x00, 0x00, 0x00, 0x6d, 0x6f, 0x64, 0x65,
  0x6c, 0x2f, 0x74, 0x66, 0x2e, 0x6e, 0x6e, 0x2e, 0x72, 0x65, 0x6c, 0x75,
  0x2f, 0x52, 0x65, 0x6c, 0x75, 0x3b, 0x6d, 0x6f, 0x64, 0x65, 0x6c, 0x2f,
  0x74, 0x66, 0x2e, 0x6e, 0x6e, 0x2e, 0x6d, 0x61, 0x78, 0x5f, 0x70, 0x6f,
  0x6f, 0x6c, 0x32, 0x64, 0x2f, 0x4d, 0x61, 0x78, 0x50, 0x6f, 0x6f, 0x6c,
  0x32, 0x64, 0x00, 0x00, 0x04, 0x00, 0x00, 0x00, 0x01, 0x00, 0x00, 0x00,
  0x0f, 0x00, 0x00, 0x00, 0x0f, 0x00, 0x00, 0x00, 0x0a, 0x00, 0x00, 0x00,
  0x02, 0xf4, 0xff, 0xff, 0x00, 0x00, 0x00, 0x01, 0x14, 0x00, 0x00, 0x00,
  0x30, 0x00, 0x00, 0x00, 0x0a, 0x00, 0x00, 0x00, 0x00, 0x00, 0x00, 0x09,
  0x6c, 0x00, 0x00, 0x00, 0xec, 0xf3, 0xff, 0xff, 0x08, 0x00, 0x00, 0x00,
  0x10, 0x00, 0x00, 0x00, 0x01, 0x00, 0x00, 0x00, 0x24, 0x00, 0x00, 0x00,
  0x00, 0x00, 0x00, 0x00, 0x01, 0x00, 0x00, 0x00, 0xd2, 0xd8, 0x81, 0x3c,
  0x42, 0x00, 0x00, 0x00, 0x6d, 0x6f, 0x64, 0x65, 0x6c, 0x2f, 0x74, 0x66,
  0x2e, 0x6d, 0x61, 0x74, 0x68, 0x2e, 0x61, 0x64, 0x64, 0x2f, 0x41, 0x64,
  0x64, 0x3b, 0x6d, 0x6f, 0x64, 0x65, 0x6c, 0x2f, 0x74, 0x66, 0x2e, 0x6e,
  0x6e, 0x2e, 0x63, 0x6f, 0x6e, 0x76, 0x6f, 0x6c, 0x75, 0x74, 0x69, 0x6f,
  0x6e, 0x2f, 0x63, 0x6f, 0x6e, 0x76, 0x6f, 0x6c, 0x75, 0x74, 0x69, 0x6f,
  0x6e, 0x3b, 0x43, 0x6f, 0x6e, 0x73, 0x74, 0x5f, 0x35, 0x31, 0x00, 0x00,
  0x04, 0x00, 0x00, 0x00, 0x01, 0x00, 0x00, 0x00, 0x1e, 0x00, 0x00, 0x00,
  0x1e, 0x00, 0x00, 0x00, 0x0a, 0x00, 0x00, 0x00, 0x9a, 0xf4, 0xff, 0xff,
  0x00, 0x00, 0x00, 0x01, 0x14, 0x00, 0x00, 0x00, 0xa0, 0x00, 0x00, 0x00,
  0x09, 0x00, 0x00, 0x00, 0x00, 0x00, 0x00, 0x09, 0xbc, 0x00, 0x00, 0x00,
  0x84, 0xf4, 0xff, 0xff, 0x08, 0x00, 0x00, 0x00, 0x5c, 0x00, 0x00, 0x00,
  0x0a, 0x00, 0x00, 0x00, 0x00, 0x00, 0x00, 0x00, 0x00, 0x00, 0x00, 0x00,
  0x00, 0x00, 0x00, 0x00, 0x00, 0x00, 0x00, 0x00, 0x00, 0x00, 0x00, 0x00,
  0x00, 0x00, 0x00, 0x00, 0x00, 0x00, 0x00, 0x00, 0x00, 0x00, 0x00, 0x00,
  0x00, 0x00, 0x00, 0x00, 0x00, 0x00, 0x00, 0x00, 0x00, 0x00, 0x00, 0x00,
  0x00, 0x00, 0x00, 0x00, 0x00, 0x00, 0x00, 0x00, 0x00, 0x00, 0x00, 0x00,
  0x00, 0x00, 0x00, 0x00, 0x00, 0x00, 0x00, 0x00, 0x00, 0x00, 0x00, 0x00,
  0x00, 0x00, 0x00, 0x00, 0x00, 0x00, 0x00, 0x00, 0x00, 0x00, 0x00, 0x00,
  0x00, 0x00, 0x00, 0x00, 0x0a, 0x00, 0x00, 0x00, 0x20, 0x96, 0xbf, 0x3b,
  0x08, 0x03, 0x33, 0x3b, 0xbc, 0x3a, 0x98, 0x3b, 0xd0, 0x96, 0x9f, 0x3b,
  0x66, 0xe3, 0xc5, 0x3b, 0x82, 0x8c, 0x84, 0x3b, 0x4c, 0x43, 0xa6, 0x3b,
  0xa0, 0xc9, 0x11, 0x3b, 0x17, 0x81, 0xc9, 0x3b, 0x65, 0xfc, 0xc7, 0x3b,
  0x23, 0x00, 0x00, 0x00, 0x6d, 0x6f, 0x64, 0x65, 0x6c, 0x2f, 0x74, 0x66,
  0x2e, 0x6e, 0x6e, 0x2e, 0x63, 0x6f, 0x6e, 0x76, 0x6f, 0x6c, 0x75, 0x74,
  0x69, 0x6f, 0x6e, 0x2f, 0x63, 0x6f, 0x6e, 0x76, 0x6f, 0x6c, 0x75, 0x74,
  0x69, 0x6f, 0x6e, 0x00, 0x04, 0x00, 0x00, 0x00, 0x0a, 0x00, 0x00, 0x00,
  0x03, 0x00, 0x00, 0x00, 0x03, 0x00, 0x00, 0x00, 0x03, 0x00, 0x00, 0x00,
  0x82, 0xf5, 0xff, 0xff, 0x00, 0x00, 0x00, 0x01, 0x14, 0x00, 0x00, 0x00,
  0x9c, 0x00, 0x00, 0x00, 0x08, 0x00, 0x00, 0x00, 0x00, 0x00, 0x00, 0x02,
  0xd8, 0x00, 0x00, 0x00, 0x6c, 0xf5, 0xff, 0xff, 0x08, 0x00, 0x00, 0x00,
  0x58, 0x00, 0x00, 0x00, 0x0a, 0x00, 0x00, 0x00, 0x00, 0x00, 0x00, 0x00,
  0x00, 0x00, 0x00, 0x00, 0x00, 0x00, 0x00, 0x00, 0x00, 0x00, 0x00, 0x00,
  0x00, 0x00, 0x00, 0x00, 0x00, 0x00, 0x00, 0x00, 0x00, 0x00, 0x00, 0x00,
  0x00, 0x00, 0x00, 0x00, 0x00, 0x00, 0x00, 0x00, 0x00, 0x00, 0x00, 0x00,
  0x00, 0x00, 0x00, 0x00, 0x00, 0x00, 0x00, 0x00, 0x00, 0x00, 0x00, 0x00,
  0x00, 0x00, 0x00, 0x00, 0x00, 0x00, 0x00, 0x00, 0x00, 0x00, 0x00, 0x00,
  0x00, 0x00, 0x00, 0x00, 0x00, 0x00, 0x00, 0x00, 0x00, 0x00, 0x00, 0x00,
  0x00, 0x00, 0x00, 0x00, 0x0a, 0x00, 0x00, 0x00, 0x6c, 0xc5, 0x60, 0x37,
  0xc0, 0x04, 0xd2, 0x36, 0xdf, 0x98, 0x32, 0x37, 0x4a, 0x3b, 0x3b, 0x37,
  0x22, 0x2a, 0x68, 0x37, 0xf8, 0x81, 0x1b, 0x37, 0xb4, 0x0f, 0x43, 0x37,
  0x1e, 0x0a, 0xab, 0x36, 0x2a, 0x68, 0x6c, 0x37, 0x24, 0xa0, 0x6a, 0x37,
  0x41, 0x00, 0x00, 0x00, 0x6d, 0x6f, 0x64, 0x65, 0x6c, 0x2f, 0x74, 0x66,
  0x2e, 0x6d, 0x61, 0x74, 0x68, 0x2e, 0x61, 0x64, 0x64, 0x2f, 0x41, 0x64,
  0x64, 0x3b, 0x6d, 0x6f, 0x64, 0x65, 0x6c, 0x2f, 0x74, 0x66, 0x2e, 0x6e,
  0x6e, 0x2e, 0x63, 0x6f, 0x6e, 0x76, 0x6f, 0x6c, 0x75, 0x74, 0x69, 0x6f,
  0x6e, 0x2f, 0x63, 0x6f, 0x6e, 0x76, 0x6f, 0x6c, 0x75, 0x74, 0x69, 0x6f,
  0x6e, 0x3b, 0x43, 0x6f, 0x6e, 0x73, 0x74, 0x5f, 0x35, 0x00, 0x00, 0x00,
  0x01, 0x00, 0x00, 0x00, 0x0a, 0x00, 0x00, 0x00, 0x7a, 0xf6, 0xff, 0xff,
  0x00, 0x00, 0x00, 0x01, 0x14, 0x00, 0x00, 0x00, 0x14, 0x01, 0x00, 0x00,
  0x07, 0x00, 0x00, 0x00, 0x00, 0x00, 0x00, 0x09, 0x34, 0x01, 0x00, 0x00,
  0x64, 0xf6, 0xff, 0xff, 0x08, 0x00, 0x00, 0x00, 0xa8, 0x00, 0x00, 0x00,
  0x14, 0x00, 0x00, 0x00, 0x00, 0x00, 0x00, 0x00, 0x00, 0x00, 0x00, 0x00,
  0x00, 0x00, 0x00, 0x00, 0x00, 0x00, 0x00, 0x00, 0x00, 0x00, 0x00, 0x00,
  0x00, 0x00, 0x00, 0x00, 0x00, 0x00, 0x00, 0x00, 0x00, 0x00, 0x00, 0x00,
  0x00, 0x00, 0x00, 0x00, 0x00, 0x00, 0x00, 0x00, 0x00, 0x00, 0x00, 0x00,
  0x00, 0x00, 0x00, 0x00, 0x00, 0x00, 0x00, 0x00, 0x00, 0x00, 0x00, 0x00,
  0x00, 0x00, 0x00, 0x00, 0x00, 0x00, 0x00, 0x00, 0x00, 0x00, 0x00, 0x00,
  0x00, 0x00, 0x00, 0x00, 0x00, 0x00, 0x00, 0x00, 0x00, 0x00, 0x00, 0x00,
  0x00, 0x00, 0x00, 0x00, 0x00, 0x00, 0x00, 0x00, 0x00, 0x00, 0x00, 0x00,
  0x00, 0x00, 0x00, 0x00, 0x00, 0x00, 0x00, 0x00, 0x00, 0x00, 0x00, 0x00,
  0x00, 0x00, 0x00, 0x00, 0x00, 0x00, 0x00, 0x00, 0x00, 0x00, 0x00, 0x00,
  0x00, 0x00, 0x00, 0x00, 0x00, 0x00, 0x00, 0x00, 0x00, 0x00, 0x00, 0x00,
  0x00, 0x00, 0x00, 0x00, 0x00, 0x00, 0x00, 0x00, 0x00, 0x00, 0x00, 0x00,
  0x00, 0x00, 0x00, 0x00, 0x00, 0x00, 0x00, 0x00, 0x00, 0x00, 0x00, 0x00,
  0x00, 0x00, 0x00, 0x00, 0x00, 0x00, 0x00, 0x00, 0x14, 0x00, 0x00, 0x00,
  0x38, 0x0b, 0x96, 0x3b, 0xa4, 0x54, 0x6f, 0x3b, 0x2e, 0x39, 0x55, 0x3b,
  0x4c, 0x95, 0x93, 0x3b, 0x7b, 0x44, 0x10, 0x3b, 0xb5, 0x0f, 0x67, 0x3b,
  0xa6, 0x2e, 0xa4, 0x3b, 0xa8, 0x7f, 0x63, 0x3b, 0x8a, 0xff, 0x8b, 0x3b,
  0x0c, 0xa0, 0xa0, 0x3b, 0xc4, 0x61, 0xaf, 0x3a, 0x24, 0x6f, 0x60, 0x3a,
  0xad, 0x3e, 0x32, 0x3b, 0xad, 0x85, 0xa0, 0x3b, 0x21, 0x79, 0x5f, 0x3a,
  0x99, 0x99, 0x8a, 0x3b, 0x65, 0x9d, 0xd9, 0x3a, 0x9a, 0x02, 0xbd, 0x3b,
  0xcc, 0xf2, 0x88, 0x3b, 0x99, 0x66, 0x7d, 0x3b, 0x25, 0x00, 0x00, 0x00,
  0x6d, 0x6f, 0x64, 0x65, 0x6c, 0x2f, 0x74, 0x66, 0x2e, 0x6e, 0x6e, 0x2e,
  0x63, 0x6f, 0x6e, 0x76, 0x6f, 0x6c, 0x75, 0x74, 0x69, 0x6f, 0x6e, 0x5f,
  0x31, 0x2f, 0x63, 0x6f, 0x6e, 0x76, 0x6f, 0x6c, 0x75, 0x74, 0x69, 0x6f,
  0x6e, 0x00, 0x00, 0x00, 0x04, 0x00, 0x00, 0x00, 0x14, 0x00, 0x00, 0x00,
  0x03, 0x00, 0x00, 0x00, 0x03, 0x00, 0x00, 0x00, 0x0a, 0x00, 0x00, 0x00,
  0xda, 0xf7, 0xff, 0xff, 0x00, 0x00, 0x00, 0x01, 0x14, 0x00, 0x00, 0x00,
  0x18, 0x01, 0x00, 0x00, 0x06, 0x00, 0x00, 0x00, 0x00, 0x00, 0x00, 0x02,
  0x58, 0x01, 0x00, 0x00, 0xc4, 0xf7, 0xff, 0xff, 0x08, 0x00, 0x00, 0x00,
  0xac, 0x00, 0x00, 0x00, 0x14, 0x00, 0x00, 0x00, 0x00, 0x00, 0x00, 0x00,
  0x00, 0x00, 0x00, 0x00, 0x00, 0x00, 0x00, 0x00, 0x00, 0x00, 0x00, 0x00,
  0x00, 0x00, 0x00, 0x00, 0x00, 0x00, 0x00, 0x00, 0x00, 0x00, 0x00, 0x00,
  0x00, 0x00, 0x00, 0x00, 0x00, 0x00, 0x00, 0x00, 0x00, 0x00, 0x00, 0x00,
  0x00, 0x00, 0x00, 0x00, 0x00, 0x00, 0x00, 0x00, 0x00, 0x00, 0x00, 0x00,
  0x00, 0x00, 0x00, 0x00, 0x00, 0x00, 0x00, 0x00, 0x00, 0x00, 0x00, 0x00,
  0x00, 0x00, 0x00, 0x00, 0x00, 0x00, 0x00, 0x00, 0x00, 0x00, 0x00, 0x00,
  0x00, 0x00, 0x00, 0x00, 0x00, 0x00, 0x00, 0x00, 0x00, 0x00, 0x00, 0x00,
  0x00, 0x00, 0x00, 0x00, 0x00, 0x00, 0x00, 0x00, 0x00, 0x00, 0x00, 0x00,
  0x00, 0x00, 0x00, 0x00, 0x00, 0x00, 0x00, 0x00, 0x00, 0x00, 0x00, 0x00,
  0x00, 0x00, 0x00, 0x00, 0x00, 0x00, 0x00, 0x00, 0x00, 0x00, 0x00, 0x00,
  0x00, 0x00, 0x00, 0x00, 0x00, 0x00, 0x00, 0x00, 0x00, 0x00, 0x00, 0x00,
  0x00, 0x00, 0x00, 0x00, 0x00, 0x00, 0x00, 0x00, 0x00, 0x00, 0x00, 0x00,
  0x00, 0x00, 0x00, 0x00, 0x00, 0x00, 0x00, 0x00, 0x00, 0x00, 0x00, 0x00,
  0x00, 0x00, 0x00, 0x00, 0x14, 0x00, 0x00, 0x00, 0x78, 0x35, 0x98, 0x38,
  0xb5, 0xc8, 0x72, 0x38, 0xcf, 0x4c, 0x58, 0x38, 0x75, 0xb6, 0x95, 0x38,
  0x64, 0x59, 0x12, 0x38, 0x3a, 0x65, 0x6a, 0x38, 0x1f, 0x8d, 0xa6, 0x38,
  0x04, 0xc8, 0x66, 0x38, 0xae, 0x04, 0x8e, 0x38, 0x62, 0xf1, 0xa2, 0x38,
  0x9c, 0xe9, 0xb1, 0x37, 0x2e, 0xac, 0x63, 0x37, 0x19, 0xd1, 0x34, 0x38,
  0xa1, 0xd6, 0xa2, 0x38, 0x9e, 0xb2, 0x62, 0x37, 0x93, 0x99, 0x8c, 0x38,
  0x3e, 0xc1, 0xdc, 0x37, 0xca, 0xbc, 0xbf, 0x38, 0xac, 0xec, 0x8a, 0x38,
  0x52, 0x87, 0x80, 0x38, 0x45, 0x00, 0x00, 0x00, 0x6d, 0x6f, 0x64, 0x65,
  0x6c, 0x2f, 0x74, 0x66, 0x2e, 0x6d, 0x61, 0x74, 0x68, 0x2e, 0x61, 0x64,
  0x64, 0x5f, 0x31, 0x2f, 0x41, 0x64, 0x64, 0x3b, 0x6d, 0x6f, 0x64, 0x65,
  0x6c, 0x2f, 0x74, 0x66, 0x2e, 0x6e, 0x6e, 0x2e, 0x63, 0x6f, 0x6e, 0x76,
  0x6f, 0x6c, 0x75, 0x74, 0x69, 0x6f, 0x6e, 0x5f, 0x31, 0x2f, 0x63, 0x6f,
  0x6e, 0x76, 0x6f, 0x6c, 0x75, 0x74, 0x69, 0x6f, 0x6e, 0x3b, 0x43, 0x6f,
  0x6e, 0x73, 0x74, 0x5f, 0x33, 0x00, 0x00, 0x00, 0x01, 0x00, 0x00, 0x00,
  0x14, 0x00, 0x00, 0x00, 0x52, 0xf9, 0xff, 0xff, 0x00, 0x00, 0x00, 0x01,
  0x14, 0x00, 0x00, 0x00, 0x7c, 0x02, 0x00, 0x00, 0x05, 0x00, 0x00, 0x00,
  0x00, 0x00, 0x00, 0x09, 0x9c, 0x02, 0x00, 0x00, 0x3c, 0xf9, 0xff, 0xff,
  0x08, 0x00, 0x00, 0x00, 0x98, 0x01, 0x00, 0x00, 0x32, 0x00, 0x00, 0x00,
  0x00, 0x00, 0x00, 0x00, 0x00, 0x00, 0x00, 0x00, 0x00, 0x00, 0x00, 0x00,
  0x00, 0x00, 0x00, 0x00, 0x00, 0x00, 0x00, 0x00, 0x00, 0x00, 0x00, 0x00,
  0x00, 0x00, 0x00, 0x00, 0x00, 0x00, 0x00, 0x00, 0x00, 0x00, 0x00, 0x00,
  0x00, 0x00, 0x00, 0x00, 0x00, 0x00, 0x00, 0x00, 0x00, 0x00, 0x00, 0x00,
  0x00, 0x00, 0x00, 0x00, 0x00, 0x00, 0x00, 0x00, 0x00, 0x00, 0x00, 0x00,
  0x00, 0x00, 0x00, 0x00, 0x00, 0x00, 0x00, 0x00, 0x00, 0x00, 0x00, 0x00,
  0x00, 0x00, 0x00, 0x00, 0x00, 0x00, 0x00, 0x00, 0x00, 0x00, 0x00, 0x00,
  0x00, 0x00, 0x00, 0x00, 0x00, 0x00, 0x00, 0x00, 0x00, 0x00, 0x00, 0x00,
  0x00, 0x00, 0x00, 0x00, 0x00, 0x00, 0x00, 0x00, 0x00, 0x00, 0x00, 0x00,
  0x00, 0x00, 0x00, 0x00, 0x00, 0x00, 0x00, 0x00, 0x00, 0x00, 0x00, 0x00,
  0x00, 0x00, 0x00, 0x00, 0x00, 0x00, 0x00, 0x00, 0x00, 0x00, 0x00, 0x00,
  0x00, 0x00, 0x00, 0x00, 0x00, 0x00, 0x00, 0x00, 0x00, 0x00, 0x00, 0x00,
  0x00, 0x00, 0x00, 0x00, 0x00, 0x00, 0x00, 0x00, 0x00, 0x00, 0x00, 0x00,
  0x00, 0x00, 0x00, 0x00, 0x00, 0x00, 0x00, 0x00, 0x00, 0x00, 0x00, 0x00,
  0x00, 0x00, 0x00, 0x00, 0x00, 0x00, 0x00, 0x00, 0x00, 0x00, 0x00, 0x00,
  0x00, 0x00, 0x00, 0x00, 0x00, 0x00, 0x00, 0x00, 0x00, 0x00, 0x00, 0x00,
  0x00, 0x00, 0x00, 0x00, 0x00, 0x00, 0x00, 0x00, 0x00, 0x00, 0x00, 0x00,
  0x00, 0x00, 0x00, 0x00, 0x00, 0x00, 0x00, 0x00, 0x00, 0x00, 0x00, 0x00,
  0x00, 0x00, 0x00, 0x00, 0x00, 0x00, 0x00, 0x00, 0x00, 0x00, 0x00, 0x00,
  0x00, 0x00, 0x00, 0x00, 0x00, 0x00, 0x00, 0x00, 0x00, 0x00, 0x00, 0x00,
  0x00, 0x00, 0x00, 0x00, 0x00, 0x00, 0x00, 0x00, 0x00, 0x00, 0x00, 0x00,
  0x00, 0x00, 0x00, 0x00, 0x00, 0x00, 0x00, 0x00, 0x00, 0x00, 0x00, 0x00,
  0x00, 0x00, 0x00, 0x00, 0x00, 0x00, 0x00, 0x00, 0x00, 0x00, 0x00, 0x00,
  0x00, 0x00, 0x00, 0x00, 0x00, 0x00, 0x00, 0x00, 0x00, 0x00, 0x00, 0x00,
  0x00, 0x00, 0x00, 0x00, 0x00, 0x00, 0x00, 0x00, 0x00, 0x00, 0x00, 0x00,
  0x00, 0x00, 0x00, 0x00, 0x00, 0x00, 0x00, 0x00, 0x00, 0x00, 0x00, 0x00,
  0x00, 0x00, 0x00, 0x00, 0x00, 0x00, 0x00, 0x00, 0x00, 0x00, 0x00, 0x00,
  0x00, 0x00, 0x00, 0x00, 0x00, 0x00, 0x00, 0x00, 0x00, 0x00, 0x00, 0x00,
  0x00, 0x00, 0x00, 0x00, 0x00, 0x00, 0x00, 0x00, 0x00, 0x00, 0x00, 0x00,
  0x00, 0x00, 0x00, 0x00, 0x00, 0x00, 0x00, 0x00, 0x00, 0x00, 0x00, 0x00,
  0x00, 0x00, 0x00, 0x00, 0x00, 0x00, 0x00, 0x00, 0x00, 0x00, 0x00, 0x00,
  0x00, 0x00, 0x00, 0x00, 0x00, 0x00, 0x00, 0x00, 0x00, 0x00, 0x00, 0x00,
  0x00, 0x00, 0x00, 0x00, 0x00, 0x00, 0x00, 0x00, 0x00, 0x00, 0x00, 0x00,
  0x00, 0x00, 0x00, 0x00, 0x32, 0x00, 0x00, 0x00, 0xe8, 0x56, 0xd8, 0x3a,
  0xa4, 0x17, 0xa5, 0x3a, 0x97, 0x3c, 0x41, 0x3b, 0x46, 0x3d, 0x42, 0x3a,
  0xa2, 0xe5, 0xe4, 0x3a, 0x0d, 0xda, 0xfb, 0x3a, 0xdc, 0xef, 0x22, 0x3b,
  0x13, 0x02, 0xc2, 0x3a, 0x54, 0x86, 0x64, 0x3a, 0x86, 0xfa, 0x34, 0x3b,
  0xea, 0xbc, 0x80, 0x3a, 0x10, 0xb7, 0x89, 0x3a, 0x9e, 0x4b, 0xc4, 0x3a,
  0x52, 0x93, 0x33, 0x3b, 0x94, 0x5b, 0xd0, 0x3a, 0x1a, 0x1e, 0xc2, 0x3a,
  0x15, 0x74, 0xf6, 0x3a, 0x0f, 0x8f, 0xa0, 0x3a, 0x16, 0xe7, 0x5f, 0x3a,
  0xf8, 0x06, 0x38, 0x3b, 0xc8, 0x71, 0xef, 0x3a, 0x47, 0x29, 0xc7, 0x3a,
  0xc7, 0x53, 0x03, 0x3b, 0x17, 0x40, 0x90, 0x3a, 0x86, 0xc9, 0x0a, 0x3b,
  0xf7, 0x6d, 0x27, 0x3b, 0x1b, 0x68, 0x04, 0x3b, 0xeb, 0x95, 0x5d, 0x3b,
  0x3f, 0xe0, 0xfd, 0x3a, 0xae, 0xdc, 0x0f, 0x3b, 0x12, 0x11, 0x36, 0x3a,
  0x09, 0xca, 0xfc, 0x3a, 0xae, 0x19, 0x21, 0x3b, 0xb0, 0xa9, 0xc7, 0x3a,
  0xe8, 0x61, 0x2e, 0x3b, 0x9d, 0xac, 0x40, 0x3b, 0x17, 0x5b, 0x08, 0x3b,
  0xbc, 0xbf, 0xe5, 0x3a, 0xe7, 0x45, 0xb8, 0x3a, 0xae, 0x0d, 0x4d, 0x3b,
  0x2c, 0x14, 0x0d, 0x3b, 0x79, 0x8f, 0x1b, 0x3b, 0xaa, 0xbc, 0x05, 0x3b,
  0x2c, 0x8e, 0xbe, 0x3a, 0xba, 0x8f, 0x0b, 0x3b, 0x73, 0x11, 0x2f, 0x3b,
  0xad, 0x00, 0x44, 0x3b, 0x8f, 0x1a, 0x88, 0x3a, 0x2e, 0x5b, 0xb8, 0x3a,
  0xc5, 0x06, 0xf8, 0x3a, 0x25, 0x00, 0x00, 0x00, 0x6d, 0x6f, 0x64, 0x65,
  0x6c, 0x2f, 0x74, 0x66, 0x2e, 0x6e, 0x6e, 0x2e, 0x63, 0x6f, 0x6e, 0x76,
  0x6f, 0x6c, 0x75, 0x74, 0x69, 0x6f, 0x6e, 0x5f, 0x32, 0x2f, 0x63, 0x6f,
  0x6e, 0x76, 0x6f, 0x6c, 0x75, 0x74, 0x69, 0x6f, 0x6e, 0x00, 0x00, 0x00,
  0x04, 0x00, 0x00, 0x00, 0x32, 0x00, 0x00, 0x00, 0x03, 0x00, 0x00, 0x00,
  0x03, 0x00, 0x00, 0x00, 0x14, 0x00, 0x00, 0x00, 0x1a, 0xfc, 0xff, 0xff,
  0x00, 0x00, 0x00, 0x01, 0x14, 0x00, 0x00, 0x00, 0x80, 0x02, 0x00, 0x00,
  0x04, 0x00, 0x00, 0x00, 0x00, 0x00, 0x00, 0x02, 0xc0, 0x02, 0x00, 0x00,
  0x04, 0xfc, 0xff, 0xff, 0x08, 0x00, 0x00, 0x00, 0x9c, 0x01, 0x00, 0x00,
  0x32, 0x00, 0x00, 0x00, 0x00, 0x00, 0x00, 0x00, 0x00, 0x00, 0x00, 0x00,
  0x00, 0x00, 0x00, 0x00, 0x00, 0x00, 0x00, 0x00, 0x00, 0x00, 0x00, 0x00,
  0x00, 0x00, 0x00, 0x00, 0x00, 0x00, 0x00, 0x00, 0x00, 0x00, 0x00, 0x00,
  0x00, 0x00, 0x00, 0x00, 0x00, 0x00, 0x00, 0x00, 0x00, 0x00, 0x00, 0x00,
  0x00, 0x00, 0x00, 0x00, 0x00, 0x00, 0x00, 0x00, 0x00, 0x00, 0x00, 0x00,
  0x00, 0x00, 0x00, 0x00, 0x00, 0x00, 0x00, 0x00, 0x00, 0x00, 0x00, 0x00,
  0x00, 0x00, 0x00, 0x00, 0x00, 0x00, 0x00, 0x00, 0x00, 0x00, 0x00, 0x00,
  0x00, 0x00, 0x00, 0x00, 0x00, 0x00, 0x00, 0x00, 0x00, 0x00, 0x00, 0x00,
  0x00, 0x00, 0x00, 0x00, 0x00, 0x00, 0x00, 0x00, 0x00, 0x00, 0x00, 0x00,
  0x00, 0x00, 0x00, 0x00, 0x00, 0x00, 0x00, 0x00, 0x00, 0x00, 0x00, 0x00,
  0x00, 0x00, 0x00, 0x00, 0x00, 0x00, 0x00, 0x00, 0x00, 0x00, 0x00, 0x00,
  0x00, 0x00, 0x00, 0x00, 0x00, 0x00, 0x00, 0x00, 0x00, 0x00, 0x00, 0x00,
  0x00, 0x00, 0x00, 0x00, 0x00, 0x00, 0x00, 0x00, 0x00, 0x00, 0x00, 0x00,
  0x00, 0x00, 0x00, 0x00, 0x00, 0x00, 0x00, 0x00, 0x00, 0x00, 0x00, 0x00,
  0x00, 0x00, 0x00, 0x00, 0x00, 0x00, 0x00, 0x00, 0x00, 0x00, 0x00, 0x00,
  0x00, 0x00, 0x00, 0x00, 0x00, 0x00, 0x00, 0x00, 0x00, 0x00, 0x00, 0x00,
  0x00, 0x00, 0x00, 0x00, 0x00, 0x00, 0x00, 0x00, 0x00, 0x00, 0x00, 0x00,
  0x00, 0x00, 0x00, 0x00, 0x00, 0x00, 0x00, 0x00, 0x00, 0x00, 0x00, 0x00,
  0x00, 0x00, 0x00, 0x00, 0x00, 0x00, 0x00, 0x00, 0x00, 0x00, 0x00, 0x00,
  0x00, 0x00, 0x00, 0x00, 0x00, 0x00, 0x00, 0x00, 0x00, 0x00, 0x00, 0x00,
  0x00, 0x00, 0x00, 0x00, 0x00, 0x00, 0x00, 0x00, 0x00, 0x00, 0x00, 0x00,
  0x00, 0x00, 0x00, 0x00, 0x00, 0x00, 0x00, 0x00, 0x00, 0x00, 0x00, 0x00,
  0x00, 0x00, 0x00, 0x00, 0x00, 0x00, 0x00, 0x00, 0x00, 0x00, 0x00, 0x00,
  0x00, 0x00, 0x00, 0x00, 0x00, 0x00, 0x00, 0x00, 0x00, 0x00, 0x00, 0x00,
  0x00, 0x00, 0x00, 0x00, 0x00, 0x00, 0x00, 0x00, 0x00, 0x00, 0x00, 0x00,
  0x00, 0x00, 0x00, 0x00, 0x00, 0x00, 0x00, 0x00, 0x00, 0x00, 0x00, 0x00,
  0x00, 0x00, 0x00, 0x00, 0x00, 0x00, 0x00, 0x00, 0x00, 0x00, 0x00, 0x00,
  0x00, 0x00, 0x00, 0x00, 0x00, 0x00, 0x00, 0x00, 0x00, 0x00, 0x00, 0x00,
  0x00, 0x00, 0x00, 0x00, 0x00, 0x00, 0x00, 0x00, 0x00, 0x00, 0x00, 0x00,
  0x00, 0x00, 0x00, 0x00, 0x00, 0x00, 0x00, 0x00, 0x00, 0x00, 0x00, 0x00,
  0x00, 0x00, 0x00, 0x00, 0x00, 0x00, 0x00, 0x00, 0x00, 0x00, 0x00, 0x00,
  0x00, 0x00, 0x00, 0x00, 0x00, 0x00, 0x00, 0x00, 0x00, 0x00, 0x00, 0x00,
  0x00, 0x00, 0x00, 0x00, 0x00, 0x00, 0x00, 0x00, 0x00, 0x00, 0x00, 0x00,
  0x00, 0x00, 0x00, 0x00, 0x00, 0x00, 0x00, 0x00, 0x00, 0x00, 0x00, 0x00,
  0x32, 0x00, 0x00, 0x00, 0xd4, 0x0b, 0x33, 0x38, 0x1a, 0xa2, 0x08, 0x38,
  0x0a, 0xed, 0x9f, 0x38, 0x7a, 0xc1, 0xa0, 0x37, 0x64, 0x70, 0x3d, 0x38,
  0xd0, 0x6f, 0x50, 0x38, 0x70, 0xd9, 0x86, 0x38, 0x7b, 0x90, 0x20, 0x38,
  0x84, 0x21, 0xbd, 0x37, 0xec, 0xc7, 0x95, 0x38, 0x65, 0x17, 0xd5, 0x37,
  0x5e, 0xf3, 0xe3, 0x37, 0x16, 0x75, 0x22, 0x38, 0xa4, 0x9e, 0x94, 0x38,
  0xbc, 0x70, 0x2c, 0x38, 0xad, 0xa7, 0x20, 0x38, 0x12, 0xf8, 0x4b, 0x38,
  0x96, 0xe1, 0x04, 0x38, 0x3e, 0x4e, 0xb9, 0x37, 0xd5, 0x4d, 0x98, 0x38,
  0x14, 0x2b, 0x46, 0x38, 0x47, 0xd4, 0x24, 0x38, 0x97, 0x60, 0x59, 0x38,
  0x9f, 0xc4, 0xee, 0x37, 0xaa, 0xb9, 0x65, 0x38, 0x49, 0x91, 0x8a, 0x38,
  0xfa, 0x29, 0x5b, 0x38, 0x54, 0x63, 0xb7, 0x38, 0xae, 0x1c, 0x52, 0x38,
  0x13, 0x20, 0x6e, 0x38, 0x74, 0xae, 0x96, 0x37, 0x6d, 0x36, 0x51, 0x38,
  0x4f, 0x54, 0x85, 0x38, 0x8d, 0x3e, 0x25, 0x38, 0x65, 0x52, 0x90, 0x38,
  0xe2, 0x75, 0x9f, 0x38, 0x65, 0xb3, 0x61, 0x38, 0xe5, 0x24, 0x3e, 0x38,
  0xeb, 0x81, 0x18, 0x38, 0xa8, 0xb4, 0xa9, 0x38, 0xb5, 0x84, 0x69, 0x38,
  0x94, 0xbe, 0x80, 0x38, 0xae, 0x5d, 0x5d, 0x38, 0xf3, 0xb4, 0x1d, 0x38,
  0xbd, 0x01, 0x67, 0x38, 0xad, 0xe3, 0x90, 0x38, 0x10, 0x37, 0xa2, 0x38,
  0x94, 0x48, 0xe1, 0x37, 0x87, 0x93, 0x18, 0x38, 0x58, 0x45, 0x4d, 0x38,
  0x45, 0x00, 0x00, 0x00, 0x6d, 0x6f, 0x64, 0x65, 0x6c, 0x2f, 0x74, 0x66,
  0x2e, 0x6d, 0x61, 0x74, 0x68, 0x2e, 0x61, 0x64, 0x64, 0x5f, 0x32, 0x2f,
  0x41, 0x64, 0x64, 0x3b, 0x6d, 0x6f, 0x64, 0x65, 0x6c, 0x2f, 0x74, 0x66,
  0x2e, 0x6e, 0x6e, 0x2e, 0x63, 0x6f, 0x6e, 0x76, 0x6f, 0x6c, 0x75, 0x74,
  0x69, 0x6f, 0x6e, 0x5f, 0x32, 0x2f, 0x63, 0x6f, 0x6e, 0x76, 0x6f, 0x6c,
  0x75, 0x74, 0x69, 0x6f, 0x6e, 0x3b, 0x43, 0x6f, 0x6e, 0x73, 0x74, 0x5f,
  0x31, 0x00, 0x00, 0x00, 0x01, 0x00, 0x00, 0x00, 0x32, 0x00, 0x00, 0x00,
  0xfa, 0xfe, 0xff, 0xff, 0x00, 0x00, 0x00, 0x01, 0x14, 0x00, 0x00, 0x00,
  0x3c, 0x00, 0x00, 0x00, 0x03, 0x00, 0x00, 0x00, 0x00, 0x00, 0x00, 0x09,
  0x5c, 0x00, 0x00, 0x00, 0xe4, 0xfe, 0xff, 0xff, 0x08, 0x00, 0x00, 0x00,
  0x18, 0x00, 0x00, 0x00, 0x02, 0x00, 0x00, 0x00, 0x00, 0x00, 0x00, 0x00,
  0x00, 0x00, 0x00, 0x00, 0x00, 0x00, 0x00, 0x00, 0x00, 0x00, 0x00, 0x00,
  0x02, 0x00, 0x00, 0x00, 0x91, 0x0e, 0x14, 0x3c, 0xa1, 0x32, 0x00, 0x3c,
  0x25, 0x00, 0x00, 0x00, 0x6d, 0x6f, 0x64, 0x65, 0x6c, 0x2f, 0x74, 0x66,
  0x2e, 0x6e, 0x6e, 0x2e, 0x63, 0x6f, 0x6e, 0x76, 0x6f, 0x6c, 0x75, 0x74,
  0x69, 0x6f, 0x6e, 0x5f, 0x33, 0x2f, 0x63, 0x6f, 0x6e, 0x76, 0x6f, 0x6c,
  0x75, 0x74, 0x69, 0x6f, 0x6e, 0x00, 0x00, 0x00, 0x04, 0x00, 0x00, 0x00,
  0x02, 0x00, 0x00, 0x00, 0x01, 0x00, 0x00, 0x00, 0x01, 0x00, 0x00, 0x00,
  0x32, 0x00, 0x00, 0x00, 0x82, 0xff, 0xff, 0xff, 0x00, 0x00, 0x00, 0x01,
  0x14, 0x00, 0x00, 0x00, 0x3c, 0x00, 0x00, 0x00, 0x02, 0x00, 0x00, 0x00,
  0x00, 0x00, 0x00, 0x02, 0x5c, 0x00, 0x00, 0x00, 0x6c, 0xff, 0xff, 0xff,
  0x08, 0x00, 0x00, 0x00, 0x18, 0x00, 0x00, 0x00, 0x02, 0x00, 0x00, 0x00,
  0x00, 0x00, 0x00, 0x00, 0x00, 0x00, 0x00, 0x00, 0x00, 0x00, 0x00, 0x00,
  0x00, 0x00, 0x00, 0x00, 0x02, 0x00, 0x00, 0x00, 0x17, 0x8e, 0x3b, 0x39,
  0xe1, 0x65, 0x22, 0x39, 0x26, 0x00, 0x00, 0x00, 0x6d, 0x6f, 0x64, 0x65,
  0x6c, 0x2f, 0x74, 0x66, 0x2e, 0x6e, 0x6e, 0x2e, 0x63, 0x6f, 0x6e, 0x76,
  0x6f, 0x6c, 0x75, 0x74, 0x69, 0x6f, 0x6e, 0x5f, 0x33, 0x2f, 0x63, 0x6f,
  0x6e, 0x76, 0x6f, 0x6c, 0x75, 0x74, 0x69, 0x6f, 0x6e, 0x31, 0x00, 0x00,
  0x01, 0x00, 0x00, 0x00, 0x02, 0x00, 0x00, 0x00, 0x00, 0x00, 0x16, 0x00,
  0x1c, 0x00, 0x18, 0x00, 0x17, 0x00, 0x10, 0x00, 0x0c, 0x00, 0x08, 0x00,
  0x00, 0x00, 0x00, 0x00, 0x00, 0x00, 0x07, 0x00, 0x16, 0x00, 0x00, 0x00,
  0x00, 0x00, 0x00, 0x01, 0x20, 0x00, 0x00, 0x00, 0x3c, 0x00, 0x00, 0x00,
  0x01, 0x00, 0x00, 0x00, 0x00, 0x00, 0x00, 0x09, 0x50, 0x00, 0x00, 0x00,
  0x0c, 0x00, 0x0c, 0x00, 0x00, 0x00, 0x00, 0x00, 0x08, 0x00, 0x04, 0x00,
  0x0c, 0x00, 0x00, 0x00, 0x08, 0x00, 0x00, 0x00, 0x10, 0x00, 0x00, 0x00,
  0x01, 0x00, 0x00, 0x00, 0x2f, 0x00, 0x00, 0x00, 0x00, 0x00, 0x00, 0x00,
  0x01, 0x00, 0x00, 0x00, 0xc2, 0x2b, 0x16, 0x3b, 0x19, 0x00, 0x00, 0x00,
  0x73, 0x65, 0x72, 0x76, 0x69, 0x6e, 0x67, 0x5f, 0x64, 0x65, 0x66, 0x61,
  0x75, 0x6c, 0x74, 0x5f, 0x69, 0x6e, 0x70, 0x75, 0x74, 0x2e, 0x31, 0x3a,
  0x30, 0x00, 0x00, 0x00, 0x04, 0x00, 0x00, 0x00, 0x01, 0x00, 0x00, 0x00,
  0x20, 0x00, 0x00, 0x00, 0x20, 0x00, 0x00, 0x00, 0x03, 0x00, 0x00, 0x00,
  0x03, 0x00, 0x00, 0x00, 0x38, 0x00, 0x00, 0x00, 0x18, 0x00, 0x00, 0x00,
  0x04, 0x00, 0x00, 0x00, 0xe0, 0xff, 0xff, 0xff, 0x19, 0x00, 0x00, 0x00,
  0x02, 0x00, 0x00, 0x00, 0x00, 0x00, 0x00, 0x19, 0xf0, 0xff, 0xff, 0xff,
  0x11, 0x00, 0x00, 0x00, 0x02, 0x00, 0x00, 0x00, 0x00, 0x00, 0x00, 0x11,
  0x0c, 0x00, 0x10, 0x00, 0x0f, 0x00, 0x00, 0x00, 0x08, 0x00, 0x04, 0x00,
  0x0c, 0x00, 0x00, 0x00, 0x03, 0x00, 0x00, 0x00, 0x03, 0x00, 0x00, 0x00,
  0x00, 0x00, 0x00, 0x03,
};
const unsigned int open_closed_eye_int8_len = 17200;
